Workbook

Sheet Sheet5
A1: ='수기_결측치를평균값처리'!A1='파워쿼리_결측치를평균값처리'!A1 -> TRUE | B1: ='수기_결측치를평균값처리'!B1='파워쿼리_결측치를평균값처리'!B1 -> TRUE | C1: ='수기_결측치를평균값처리'!C1='파워쿼리_결측치를평균값처리'!C1 -> TRUE | D1: ='수기_결측치를평균값처리'!D1='파워쿼리_결측치를평균값처리'!D1 -> TRUE | E1: ='수기_결측치를평균값처리'!E1='파워쿼리_결측치를평균값처리'!E1 -> TRUE | F1: ='수기_결측치를평균값처리'!F1='파워쿼리_결측치를평균값처리'!F1 -> TRUE | G1: ='수기_결측치를평균값처리'!G1='파워쿼리_결측치를평균값처리'!G1 -> TRUE | H1: ='수기_결측치를평균값처리'!H1='파워쿼리_결측치를평균값처리'!H1 -> TRUE | ... AF1: ='수기_결측치를평균값처리'!AF1='파워쿼리_결측치를평균값처리'!AF1 -> TRUE
A2: ='수기_결측치를평균값처리'!A2='파워쿼리_결측치를평균값처리'!A2 -> TRUE | B2: ='수기_결측치를평균값처리'!B2-'파워쿼리_결측치를평균값처리'!B2 -> 0 | C2: ='수기_결측치를평균값처리'!C2-'파워쿼리_결측치를평균값처리'!C2 -> 0 | D2: ='수기_결측치를평균값처리'!D2-'파워쿼리_결측치를평균값처리'!D2 -> 0 | E2: ='수기_결측치를평균값처리'!E2-'파워쿼리_결측치를평균값처리'!E2 -> 0 | F2: ='수기_결측치를평균값처리'!F2-'파워쿼리_결측치를평균값처리'!F2 -> 0 | G2: ='수기_결측치를평균값처리'!G2-'파워쿼리_결측치를평균값처리'!G2 -> 0 | H2: ='수기_결측치를평균값처리'!H2-'파워쿼리_결측치를평균값처리'!H2 -> 0 | I2: ='수기_결측치를평균값처리'!I2-'파워쿼리_결측치를평균값처리'!I2 -> 0 | ... AF2: ='수기_결측치를평균값처리'!AF2-'파워쿼리_결측치를평균값처리'!AF2 -> 0
A3: ='수기_결측치를평균값처리'!A3='파워쿼리_결측치를평균값처리'!A3 -> TRUE | B3: ='수기_결측치를평균값처리'!B3-'파워쿼리_결측치를평균값처리'!B3 -> 0 | C3: ='수기_결측치를평균값처리'!C3-'파워쿼리_결측치를평균값처리'!C3 -> 0 | D3: ='수기_결측치를평균값처리'!D3-'파워쿼리_결측치를평균값처리'!D3 -> 0 | E3: ='수기_결측치를평균값처리'!E3-'파워쿼리_결측치를평균값처리'!E3 -> 0 | F3: ='수기_결측치를평균값처리'!F3-'파워쿼리_결측치를평균값처리'!F3 -> 0 | G3: ='수기_결측치를평균값처리'!G3-'파워쿼리_결측치를평균값처리'!G3 -> 0 | H3: ='수기_결측치를평균값처리'!H3-'파워쿼리_결측치를평균값처리'!H3 -> 0 | I3: ='수기_결측치를평균값처리'!I3-'파워쿼리_결측치를평균값처리'!I3 -> 0 | ... AF3: ='수기_결측치를평균값처리'!AF3-'파워쿼리_결측치를평균값처리'!AF3 -> 0
A4: ='수기_결측치를평균값처리'!A4='파워쿼리_결측치를평균값처리'!A4 -> TRUE | B4: ='수기_결측치를평균값처리'!B4-'파워쿼리_결측치를평균값처리'!B4 -> 0 | C4: ='수기_결측치를평균값처리'!C4-'파워쿼리_결측치를평균값처리'!C4 -> 0 | D4: ='수기_결측치를평균값처리'!D4-'파워쿼리_결측치를평균값처리'!D4 -> 0 | E4: ='수기_결측치를평균값처리'!E4-'파워쿼리_결측치를평균값처리'!E4 -> 0 | F4: ='수기_결측치를평균값처리'!F4-'파워쿼리_결측치를평균값처리'!F4 -> 0 | G4: ='수기_결측치를평균값처리'!G4-'파워쿼리_결측치를평균값처리'!G4 -> 0 | H4: ='수기_결측치를평균값처리'!H4-'파워쿼리_결측치를평균값처리'!H4 -> 0 | I4: ='수기_결측치를평균값처리'!I4-'파워쿼리_결측치를평균값처리'!I4 -> 0 | ... AF4: ='수기_결측치를평균값처리'!AF4-'파워쿼리_결측치를평균값처리'!AF4 -> 0
A5: ='수기_결측치를평균값처리'!A5='파워쿼리_결측치를평균값처리'!A5 -> TRUE | B5: ='수기_결측치를평균값처리'!B5-'파워쿼리_결측치를평균값처리'!B5 -> 0 | C5: ='수기_결측치를평균값처리'!C5-'파워쿼리_결측치를평균값처리'!C5 -> 0 | D5: ='수기_결측치를평균값처리'!D5-'파워쿼리_결측치를평균값처리'!D5 -> 0 | E5: ='수기_결측치를평균값처리'!E5-'파워쿼리_결측치를평균값처리'!E5 -> 0 | F5: ='수기_결측치를평균값처리'!F5-'파워쿼리_결측치를평균값처리'!F5 -> 0 | G5: ='수기_결측치를평균값처리'!G5-'파워쿼리_결측치를평균값처리'!G5 -> 0 | H5: ='수기_결측치를평균값처리'!H5-'파워쿼리_결측치를평균값처리'!H5 -> 0 | I5: ='수기_결측치를평균값처리'!I5-'파워쿼리_결측치를평균값처리'!I5 -> 0 | ... AF5: ='수기_결측치를평균값처리'!AF5-'파워쿼리_결측치를평균값처리'!AF5 -> 0
A6: ='수기_결측치를평균값처리'!A6='파워쿼리_결측치를평균값처리'!A6 -> TRUE | B6: ='수기_결측치를평균값처리'!B6-'파워쿼리_결측치를평균값처리'!B6 -> 0 | C6: ='수기_결측치를평균값처리'!C6-'파워쿼리_결측치를평균값처리'!C6 -> 0 | D6: ='수기_결측치를평균값처리'!D6-'파워쿼리_결측치를평균값처리'!D6 -> 0 | E6: ='수기_결측치를평균값처리'!E6-'파워쿼리_결측치를평균값처리'!E6 -> 0 | F6: ='수기_결측치를평균값처리'!F6-'파워쿼리_결측치를평균값처리'!F6 -> 0 | G6: ='수기_결측치를평균값처리'!G6-'파워쿼리_결측치를평균값처리'!G6 -> 0 | H6: ='수기_결측치를평균값처리'!H6-'파워쿼리_결측치를평균값처리'!H6 -> 0 | I6: ='수기_결측치를평균값처리'!I6-'파워쿼리_결측치를평균값처리'!I6 -> 0 | ... AF6: ='수기_결측치를평균값처리'!AF6-'파워쿼리_결측치를평균값처리'!AF6 -> 0
A7: ='수기_결측치를평균값처리'!A7='파워쿼리_결측치를평균값처리'!A7 -> TRUE | B7: ='수기_결측치를평균값처리'!B7-'파워쿼리_결측치를평균값처리'!B7 -> 0 | C7: ='수기_결측치를평균값처리'!C7-'파워쿼리_결측치를평균값처리'!C7 -> 0 | D7: ='수기_결측치를평균값처리'!D7-'파워쿼리_결측치를평균값처리'!D7 -> 0 | E7: ='수기_결측치를평균값처리'!E7-'파워쿼리_결측치를평균값처리'!E7 -> 0 | F7: ='수기_결측치를평균값처리'!F7-'파워쿼리_결측치를평균값처리'!F7 -> 0 | G7: ='수기_결측치를평균값처리'!G7-'파워쿼리_결측치를평균값처리'!G7 -> 0 | H7: ='수기_결측치를평균값처리'!H7-'파워쿼리_결측치를평균값처리'!H7 -> 0 | I7: ='수기_결측치를평균값처리'!I7-'파워쿼리_결측치를평균값처리'!I7 -> 0 | ... AF7: ='수기_결측치를평균값처리'!AF7-'파워쿼리_결측치를평균값처리'!AF7 -> 0
A8: ='수기_결측치를평균값처리'!A8='파워쿼리_결측치를평균값처리'!A8 -> TRUE | B8: ='수기_결측치를평균값처리'!B8-'파워쿼리_결측치를평균값처리'!B8 -> 0 | C8: ='수기_결측치를평균값처리'!C8-'파워쿼리_결측치를평균값처리'!C8 -> 0 | D8: ='수기_결측치를평균값처리'!D8-'파워쿼리_결측치를평균값처리'!D8 -> 0 | E8: ='수기_결측치를평균값처리'!E8-'파워쿼리_결측치를평균값처리'!E8 -> 0 | F8: ='수기_결측치를평균값처리'!F8-'파워쿼리_결측치를평균값처리'!F8 -> 0 | G8: ='수기_결측치를평균값처리'!G8-'파워쿼리_결측치를평균값처리'!G8 -> 0 | H8: ='수기_결측치를평균값처리'!H8-'파워쿼리_결측치를평균값처리'!H8 -> 0 | I8: ='수기_결측치를평균값처리'!I8-'파워쿼리_결측치를평균값처리'!I8 -> 0 | ... AF8: ='수기_결측치를평균값처리'!AF8-'파워쿼리_결측치를평균값처리'!AF8 -> 0
A9: ='수기_결측치를평균값처리'!A9='파워쿼리_결측치를평균값처리'!A9 -> TRUE | B9: ='수기_결측치를평균값처리'!B9-'파워쿼리_결측치를평균값처리'!B9 -> 0 | C9: ='수기_결측치를평균값처리'!C9-'파워쿼리_결측치를평균값처리'!C9 -> 0 | D9: ='수기_결측치를평균값처리'!D9-'파워쿼리_결측치를평균값처리'!D9 -> 0 | E9: ='수기_결측치를평균값처리'!E9-'파워쿼리_결측치를평균값처리'!E9 -> 0 | F9: ='수기_결측치를평균값처리'!F9-'파워쿼리_결측치를평균값처리'!F9 -> 0 | G9: ='수기_결측치를평균값처리'!G9-'파워쿼리_결측치를평균값처리'!G9 -> 0 | H9: ='수기_결측치를평균값처리'!H9-'파워쿼리_결측치를평균값처리'!H9 -> 0 | I9: ='수기_결측치를평균값처리'!I9-'파워쿼리_결측치를평균값처리'!I9 -> 0 | ... AF9: ='수기_결측치를평균값처리'!AF9-'파워쿼리_결측치를평균값처리'!AF9 -> 0
A10: ='수기_결측치를평균값처리'!A10='파워쿼리_결측치를평균값처리'!A10 -> TRUE | B10: ='수기_결측치를평균값처리'!B10-'파워쿼리_결측치를평균값처리'!B10 -> 0 | C10: ='수기_결측치를평균값처리'!C10-'파워쿼리_결측치를평균값처리'!C10 -> 0 | D10: ='수기_결측치를평균값처리'!D10-'파워쿼리_결측치를평균값처리'!D10 -> 0 | E10: ='수기_결측치를평균값처리'!E10-'파워쿼리_결측치를평균값처리'!E10 -> 0 | F10: ='수기_결측치를평균값처리'!F10-'파워쿼리_결측치를평균값처리'!F10 -> 0 | G10: ='수기_결측치를평균값처리'!G10-'파워쿼리_결측치를평균값처리'!G10 -> 0 | H10: ='수기_결측치를평균값처리'!H10-'파워쿼리_결측치를평균값처리'!H10 -> 0 | I10: ='수기_결측치를평균값처리'!I10-'파워쿼리_결측치를평균값처리'!I10 -> 0 | ... AF10: ='수기_결측치를평균값처리'!AF10-'파워쿼리_결측치를평균값처리'!AF10 -> 0
A11: ='수기_결측치를평균값처리'!A11='파워쿼리_결측치를평균값처리'!A11 -> TRUE | B11: ='수기_결측치를평균값처리'!B11-'파워쿼리_결측치를평균값처리'!B11 -> 0 | C11: ='수기_결측치를평균값처리'!C11-'파워쿼리_결측치를평균값처리'!C11 -> 0 | D11: ='수기_결측치를평균값처리'!D11-'파워쿼리_결측치를평균값처리'!D11 -> 0 | E11: ='수기_결측치를평균값처리'!E11-'파워쿼리_결측치를평균값처리'!E11 -> 0 | F11: ='수기_결측치를평균값처리'!F11-'파워쿼리_결측치를평균값처리'!F11 -> 0 | G11: ='수기_결측치를평균값처리'!G11-'파워쿼리_결측치를평균값처리'!G11 -> 0 | H11: ='수기_결측치를평균값처리'!H11-'파워쿼리_결측치를평균값처리'!H11 -> 0 | I11: ='수기_결측치를평균값처리'!I11-'파워쿼리_결측치를평균값처리'!I11 -> 0 | ... AF11: ='수기_결측치를평균값처리'!AF11-'파워쿼리_결측치를평균값처리'!AF11 -> 0
A12: ='수기_결측치를평균값처리'!A12='파워쿼리_결측치를평균값처리'!A12 -> TRUE | B12: ='수기_결측치를평균값처리'!B12-'파워쿼리_결측치를평균값처리'!B12 -> 0 | C12: ='수기_결측치를평균값처리'!C12-'파워쿼리_결측치를평균값처리'!C12 -> 0 | D12: ='수기_결측치를평균값처리'!D12-'파워쿼리_결측치를평균값처리'!D12 -> 0 | E12: ='수기_결측치를평균값처리'!E12-'파워쿼리_결측치를평균값처리'!E12 -> 0 | F12: ='수기_결측치를평균값처리'!F12-'파워쿼리_결측치를평균값처리'!F12 -> 0 | G12: ='수기_결측치를평균값처리'!G12-'파워쿼리_결측치를평균값처리'!G12 -> 0 | H12: ='수기_결측치를평균값처리'!H12-'파워쿼리_결측치를평균값처리'!H12 -> 0 | I12: ='수기_결측치를평균값처리'!I12-'파워쿼리_결측치를평균값처리'!I12 -> 0 | ... AF12: ='수기_결측치를평균값처리'!AF12-'파워쿼리_결측치를평균값처리'!AF12 -> 0
A13: ='수기_결측치를평균값처리'!A13='파워쿼리_결측치를평균값처리'!A13 -> TRUE | B13: ='수기_결측치를평균값처리'!B13-'파워쿼리_결측치를평균값처리'!B13 -> 0 | C13: ='수기_결측치를평균값처리'!C13-'파워쿼리_결측치를평균값처리'!C13 -> 0 | D13: ='수기_결측치를평균값처리'!D13-'파워쿼리_결측치를평균값처리'!D13 -> 0 | E13: ='수기_결측치를평균값처리'!E13-'파워쿼리_결측치를평균값처리'!E13 -> 0 | F13: ='수기_결측치를평균값처리'!F13-'파워쿼리_결측치를평균값처리'!F13 -> 0 | G13: ='수기_결측치를평균값처리'!G13-'파워쿼리_결측치를평균값처리'!G13 -> 0 | H13: ='수기_결측치를평균값처리'!H13-'파워쿼리_결측치를평균값처리'!H13 -> 0 | I13: ='수기_결측치를평균값처리'!I13-'파워쿼리_결측치를평균값처리'!I13 -> 0 | ... AF13: ='수기_결측치를평균값처리'!AF13-'파워쿼리_결측치를평균값처리'!AF13 -> 0
... A570: ='수기_결측치를평균값처리'!A570='파워쿼리_결측치를평균값처리'!A570 -> TRUE | B570: ='수기_결측치를평균값처리'!B570-'파워쿼리_결측치를평균값처리'!B570 -> 0 | C570: ='수기_결측치를평균값처리'!C570-'파워쿼리_결측치를평균값처리'!C570 -> 0 | D570: ='수기_결측치를평균값처리'!D570-'파워쿼리_결측치를평균값처리'!D570 -> 0 | E570: ='수기_결측치를평균값처리'!E570-'파워쿼리_결측치를평균값처리'!E570 -> 0 | F570: ='수기_결측치를평균값처리'!F570-'파워쿼리_결측치를평균값처리'!F570 -> 0 | G570: ='수기_결측치를평균값처리'!G570-'파워쿼리_결측치를평균값처리'!G570 -> 0 | H570: ='수기_결측치를평균값처리'!H570-'파워쿼리_결측치를평균값처리'!H570 -> 0 | I570: ='수기_결측치를평균값처리'!I570-'파워쿼리_결측치를평균값처리'!I570 -> 0 | ... AF570: ='수기_결측치를평균값처리'!AF570-'파워쿼리_결측치를평균값처리'!AF570 -> 0
AG571: =SUM(A1:AF570) -> 0

Sheet 수기_결측치를평균값처리
A1: 구분 | B1: mean radius | C1: mean texture | D1: mean perimeter | E1: mean area | F1: mean smoothness | G1: mean compactness | H1: mean concavity | I1: mean concave points | J1: mean symmetry | K1: mean fractal dimension | L1: radius error | M1: texture error | N1: perimeter error | O1: area error | P1: smoothness error | Q1: compactness error | R1: concavity error | S1: concave points error | T1: symmetry error | U1: fractal dimension error | V1: worst radius | W1: worst texture | X1: worst perimeter | Y1: worst area | Z1: worst smoothness | AA1: worst compactness | AB1: worst concavity | AC1: worst concave points | AD1: worst symmetry | AE1: worst fractal dimension | AF1: target
A2: 0 | B2: 17.99 | C2: 10.38 | D2: 122.8 | E2: 1001 | F2: 0.096298535 | G2: 0.2776 | H2: 0.3001 | I2: 0.1471 | J2: 0.1813125 | K2: 0.07871 | L2: 1.095 | M2: 0.9053 | N2: 8.589 | O2: 153.4 | P2: 0.006399 | Q2: 0.025408436 | R2: 0.05373 | S2: 0.01587 | T2: 0.03003 | U2: 0.006193 | V2: 25.38 | W2: 17.33 | X2: 184.6 | Y2: 882.60879 | Z2: 0.1622 | AA2: 0.6656 | AB2: 0.7119 | AC2: 0.2654 | AD2: 0.4601 | AE2: 0.1189 | AF2: 0
A3: 1 | B3: 20.57 | C3: 19.304297 | D3: 132.9 | E3: 1326 | F3: 0.08474 | G3: 0.07864 | H3: 0.0869 | I3: 0.07017 | J3: 0.1812 | K3: 0.05667 | L3: 0.5435 | M3: 0.7339 | N3: 3.398 | O3: 74.08 | P3: 0.005225 | Q3: 0.025408436 | R3: 0.0186 | S3: 0.0134 | T3: 0.01389 | U3: 0.003532 | V3: 16.288062 | W3: 23.41 | X3: 158.8 | Y3: 1956 | Z3: 0.1238 | AA3: 0.1866 | AB3: 0.2416 | AC3: 0.186 | AD3: 0.275 | AE3: 0.08902 | AF3: 0
A4: 2 | B4: 19.69 | C4: 21.25 | D4: 130 | E4: 1203 | F4: 0.1096 | G4: 0.1599 | H4: 0.1974 | I4: 0.1279 | J4: 0.2069 | K4: 0.05999 | L4: 0.7456 | M4: 0.7869 | N4: 4.585 | O4: 94.03 | P4: 0.00615 | Q4: 0.025408436 | R4: 0.03832 | S4: 0.02058 | T4: 0.0225 | U4: 0.004571 | V4: 23.57 | W4: 25.53 | X4: 152.5 | Y4: 1709 | Z4: 0.1444 | AA4: 0.4245 | AB4: 0.4504 | AC4: 0.243 | AD4: 0.3613 | AE4: 0.08758 | AF4: 0
A5: 3 | B5: 11.42 | C5: 20.38 | D5: 77.58 | E5: 386.1 | F5: 0.1425 | G5: 0.2839 | H5: 0.2414 | I5: 0.1052 | J5: 0.2597 | K5: 0.09744 | L5: 0.4956 | M5: 1.156 | N5: 3.445 | O5: 27.23 | P5: 0.00911 | Q5: 0.025408436 | R5: 0.05661 | S5: 0.01867 | T5: 0.05963 | U5: 0.009208 | V5: 16.288062 | W5: 26.5 | X5: 98.87 | Y5: 567.7 | Z5: 0.2098 | AA5: 0.8663 | AB5: 0.6869 | AC5: 0.2575 | AD5: 0.6638 | AE5: 0.173 | AF5: 0
A6: 4 | B6: 20.29 | C6: 14.34 | D6: 135.1 | E6: 1297 | F6: 0.1003 | G6: 0.10434189 | H6: 0.198 | I6: 0.1043 | J6: 0.1809 | K6: 0.05883 | L6: 0.41285645 | M6: 1.2273826 | N6: 5.438 | O6: 94.44 | P6: 0.01149 | Q6: 0.02461 | R6: 0.032282958 | S6: 0.01885 | T6: 0.01756 | U6: 0.005115 | V6: 22.54 | W6: 16.67 | X6: 152.2 | Y6: 1575 | Z6: 0.1374 | AA6: 0.205 | AB6: 0.4 | AC6: 0.1625 | AD6: 0.28940938 | AE6: 0.083772832 | AF6: 0
A7: 5 | B7: 12.45 | C7: 15.7 | D7: 82.57 | E7: 662.58574 | F7: 0.096298535 | G7: 0.17 | H7: 0.1578 | I7: 0.08089 | J7: 0.2087 | K7: 0.07613 | L7: 0.3345 | M7: 0.8902 | N7: 2.8757826 | O7: 40.834199 | P7: 0.00751 | Q7: 0.03345 | R7: 0.03672 | S7: 0.01137 | T7: 0.02165 | U7: 0.0037882701 | V7: 15.47 | W7: 23.75 | X7: 103.4 | Y7: 741.6 | Z7: 0.1791 | AA7: 0.5249 | AB7: 0.5355 | AC7: 0.1741 | AD7: 0.3985 | AE7: 0.1244 | AF7: 0
A8: 6 | B8: 14.172223 | C8: 19.98 | D8: 119.6 | E8: 1040 | F8: 0.09463 | G8: 0.10434189 | H8: 0.1127 | I8: 0.074 | J8: 0.1794 | K8: 0.05742 | L8: 0.4467 | M8: 0.7732 | N8: 3.18 | O8: 53.91 | P8: 0.004314 | Q8: 0.01382 | R8: 0.02254 | S8: 0.01039 | T8: 0.01369 | U8: 0.002179 | V8: 22.88 | W8: 27.66 | X8: 153.2 | Y8: 1606 | Z8: 0.1442 | AA8: 0.2576 | AB8: 0.3784 | AC8: 0.1932 | AD8: 0.28940938 | AE8: 0.08368 | AF8: 0
A9: 7 | B9: 13.71 | C9: 20.83 | D9: 90.2 | E9: 577.9 | F9: 0.1189 | G9: 0.1645 | H9: 0.09366 | I9: 0.05985 | J9: 0.2196 | K9: 0.07451 | L9: 0.5835 | M9: 1.377 | N9: 3.856 | O9: 50.96 | P9: 0.008805 | Q9: 0.03029 | R9: 0.02488 | S9: 0.01448 | T9: 0.01486 | U9: 0.005412 | V9: 17.06 | W9: 28.14 | X9: 106.755 | Y9: 897 | Z9: 0.1654 | AA9: 0.3682 | AB9: 0.27083677 | AC9: 0.1556 | AD9: 0.3196 | AE9: 0.1151 | AF9: 0.6328125
A10: 8 | B10: 13 | C10: 21.82 | D10: 87.5 | E10: 519.8 | F10: 0.1273 | G10: 0.1932 | H10: 0.089762684 | I10: 0.09353 | J10: 0.235 | K10: 0.07389 | L10: 0.3063 | M10: 1.002 | N10: 2.406 | O10: 24.32 | P10: 0.005731 | Q10: 0.03502 | R10: 0.03553 | S10: 0.01226 | T10: 0.02143 | U10: 0.003749 | V10: 15.49 | W10: 30.73 | X10: 106.755 | Y10: 739.3 | Z10: 0.1703 | AA10: 0.5401 | AB10: 0.539 | AC10: 0.206 | AD10: 0.4378 | AE10: 0.1072 | AF10: 0.6328125
A11: 9 | B11: 12.46 | C11: 24.04 | D11: 83.97 | E11: 475.9 | F11: 0.1186 | G11: 0.2396 | H11: 0.2273 | I11: 0.08543 | J11: 0.203 | K11: 0.08243 | L11: 0.2976 | M11: 1.599 | N11: 2.039 | O11: 23.94 | P11: 0.0070783379 | Q11: 0.07217 | R11: 0.07743 | S11: 0.01432 | T11: 0.01789 | U11: 0.01008 | V11: 15.09 | W11: 40.68 | X11: 97.65 | Y11: 711.4 | Z11: 0.13254033 | AA11: 1.058 | AB11: 1.105 | AC11: 0.221 | AD11: 0.4366 | AE11: 0.083772832 | AF11: 0
A12: 10 | B12: 14.172223 | C12: 23.24 | D12: 102.7 | E12: 797.8 | F12: 0.08206 | G12: 0.06669 | H12: 0.03299 | I12: 0.03323 | J12: 0.1528 | K12: 0.05697 | L12: 0.3795 | M12: 1.2273826 | N12: 2.466 | O12: 40.51 | P12: 0.004029 | Q12: 0.009269 | R12: 0.01101 | S12: 0.007591 | T12: 0.0146 | U12: 0.003042 | V12: 19.19 | W12: 25.619805 | X12: 123.8 | Y12: 1150 | Z12: 0.1181 | AA12: 0.1551 | AB12: 0.1459 | AC12: 0.09975 | AD12: 0.28940938 | AE12: 0.08452 | AF12: 0
A13: 11 | B13: 15.78 | C13: 17.89 | D13: 103.6 | E13: 781 | F13: 0.0971 | G13: 0.1292 | H13: 0.09954 | I13: 0.06606 | J13: 0.1842 | K13: 0.06082 | L13: 0.5058 | M13: 0.9849 | N13: 3.564 | O13: 40.834199 | P13: 0.005771 | Q13: 0.04061 | R13: 0.02791 | S13: 0.011848459 | T13: 0.02008 | U13: 0.004144 | V13: 20.42 | W13: 27.28 | X13: 136.5 | Y13: 1299 | Z13: 0.13254033 | AA13: 0.5609 | AB13: 0.3965 | AC13: 0.181 | AD13: 0.3792 | AE13: 0.1048 | AF13: 0
... A570: 568 | B570: 7.76 | C570: 24.54 | D570: 47.92 | E570: 181 | F570: 0.05263 | G570: 0.04362 | H570: 0 | I570: 0 | J570: 0.1587 | K570: 0.05884 | L570: 0.3857 | M570: 1.428 | N570: 2.548 | O570: 19.15 | P570: 0.007189 | Q570: 0.025408436 | R570: 0 | S570: 0 | T570: 0.02676 | U570: 0.0037882701 | V570: 9.456 | W570: 30.37 | X570: 59.16 | Y570: 268.6 | Z570: 0.13254033 | AA570: 0.06444 | AB570: 0 | AC570: 0 | AD570: 0.2871 | AE570: 0.07039 | AF570: 1

Sheet 파워쿼리_결측치를평균값처리
A1: 구분 | B1: mean radius | C1: mean texture | D1: mean perimeter | E1: mean area | F1: mean smoothness | G1: mean compactness | H1: mean concavity | I1: mean concave points | J1: mean symmetry | K1: mean fractal dimension | L1: radius error | M1: texture error | N1: perimeter error | O1: area error | P1: smoothness error | Q1: compactness error | R1: concavity error | S1: concave points error | T1: symmetry error | U1: fractal dimension error | V1: worst radius | W1: worst texture | X1: worst perimeter | Y1: worst area | Z1: worst smoothness | AA1: worst compactness | AB1: worst concavity | AC1: worst concave points | AD1: worst symmetry | AE1: worst fractal dimension | AF1: target
A2: 0 | B2: 17.99 | C2: 10.38 | D2: 122.8 | E2: 1001 | F2: 0.096298535 | G2: 0.2776 | H2: 0.3001 | I2: 0.1471 | J2: 0.1813125 | K2: 0.07871 | L2: 1.095 | M2: 0.9053 | N2: 8.589 | O2: 153.4 | P2: 0.006399 | Q2: 0.025408436 | R2: 0.05373 | S2: 0.01587 | T2: 0.03003 | U2: 0.006193 | V2: 25.38 | W2: 17.33 | X2: 184.6 | Y2: 882.60879 | Z2: 0.1622 | AA2: 0.6656 | AB2: 0.7119 | AC2: 0.2654 | AD2: 0.4601 | AE2: 0.1189 | AF2: 0
A3: 1 | B3: 20.57 | C3: 19.304297 | D3: 132.9 | E3: 1326 | F3: 0.08474 | G3: 0.07864 | H3: 0.0869 | I3: 0.07017 | J3: 0.1812 | K3: 0.05667 | L3: 0.5435 | M3: 0.7339 | N3: 3.398 | O3: 74.08 | P3: 0.005225 | Q3: 0.025408436 | R3: 0.0186 | S3: 0.0134 | T3: 0.01389 | U3: 0.003532 | V3: 16.288062 | W3: 23.41 | X3: 158.8 | Y3: 1956 | Z3: 0.1238 | AA3: 0.1866 | AB3: 0.2416 | AC3: 0.186 | AD3: 0.275 | AE3: 0.08902 | AF3: 0
A4: 2 | B4: 19.69 | C4: 21.25 | D4: 130 | E4: 1203 | F4: 0.1096 | G4: 0.1599 | H4: 0.1974 | I4: 0.1279 | J4: 0.2069 | K4: 0.05999 | L4: 0.7456 | M4: 0.7869 | N4: 4.585 | O4: 94.03 | P4: 0.00615 | Q4: 0.025408436 | R4: 0.03832 | S4: 0.02058 | T4: 0.0225 | U4: 0.004571 | V4: 23.57 | W4: 25.53 | X4: 152.5 | Y4: 1709 | Z4: 0.1444 | AA4: 0.4245 | AB4: 0.4504 | AC4: 0.243 | AD4: 0.3613 | AE4: 0.08758 | AF4: 0
A5: 3 | B5: 11.42 | C5: 20.38 | D5: 77.58 | E5: 386.1 | F5: 0.1425 | G5: 0.2839 | H5: 0.2414 | I5: 0.1052 | J5: 0.2597 | K5: 0.09744 | L5: 0.4956 | M5: 1.156 | N5: 3.445 | O5: 27.23 | P5: 0.00911 | Q5: 0.025408436 | R5: 0.05661 | S5: 0.01867 | T5: 0.05963 | U5: 0.009208 | V5: 16.288062 | W5: 26.5 | X5: 98.87 | Y5: 567.7 | Z5: 0.2098 | AA5: 0.8663 | AB5: 0.6869 | AC5: 0.2575 | AD5: 0.6638 | AE5: 0.173 | AF5: 0
A6: 4 | B6: 20.29 | C6: 14.34 | D6: 135.1 | E6: 1297 | F6: 0.1003 | G6: 0.10434189 | H6: 0.198 | I6: 0.1043 | J6: 0.1809 | K6: 0.05883 | L6: 0.41285645 | M6: 1.2273826 | N6: 5.438 | O6: 94.44 | P6: 0.01149 | Q6: 0.02461 | R6: 0.032282958 | S6: 0.01885 | T6: 0.01756 | U6: 0.005115 | V6: 22.54 | W6: 16.67 | X6: 152.2 | Y6: 1575 | Z6: 0.1374 | AA6: 0.205 | AB6: 0.4 | AC6: 0.1625 | AD6: 0.28940938 | AE6: 0.083772832 | AF6: 0
A7: 5 | B7: 12.45 | C7: 15.7 | D7: 82.57 | E7: 662.58574 | F7: 0.096298535 | G7: 0.17 | H7: 0.1578 | I7: 0.08089 | J7: 0.2087 | K7: 0.07613 | L7: 0.3345 | M7: 0.8902 | N7: 2.8757826 | O7: 40.834199 | P7: 0.00751 | Q7: 0.03345 | R7: 0.03672 | S7: 0.01137 | T7: 0.02165 | U7: 0.0037882701 | V7: 15.47 | W7: 23.75 | X7: 103.4 | Y7: 741.6 | Z7: 0.1791 | AA7: 0.5249 | AB7: 0.5355 | AC7: 0.1741 | AD7: 0.3985 | AE7: 0.1244 | AF7: 0
A8: 6 | B8: 14.172223 | C8: 19.98 | D8: 119.6 | E8: 1040 | F8: 0.09463 | G8: 0.10434189 | H8: 0.1127 | I8: 0.074 | J8: 0.1794 | K8: 0.05742 | L8: 0.4467 | M8: 0.7732 | N8: 3.18 | O8: 53.91 | P8: 0.004314 | Q8: 0.01382 | R8: 0.02254 | S8: 0.01039 | T8: 0.01369 | U8: 0.002179 | V8: 22.88 | W8: 27.66 | X8: 153.2 | Y8: 1606 | Z8: 0.1442 | AA8: 0.2576 | AB8: 0.3784 | AC8: 0.1932 | AD8: 0.28940938 | AE8: 0.08368 | AF8: 0
A9: 7 | B9: 13.71 | C9: 20.83 | D9: 90.2 | E9: 577.9 | F9: 0.1189 | G9: 0.1645 | H9: 0.09366 | I9: 0.05985 | J9: 0.2196 | K9: 0.07451 | L9: 0.5835 | M9: 1.377 | N9: 3.856 | O9: 50.96 | P9: 0.008805 | Q9: 0.03029 | R9: 0.02488 | S9: 0.01448 | T9: 0.01486 | U9: 0.005412 | V9: 17.06 | W9: 28.14 | X9: 106.755 | Y9: 897 | Z9: 0.1654 | AA9: 0.3682 | AB9: 0.27083677 | AC9: 0.1556 | AD9: 0.3196 | AE9: 0.1151 | AF9: 0.6328125
A10: 8 | B10: 13 | C10: 21.82 | D10: 87.5 | E10: 519.8 | F10: 0.1273 | G10: 0.1932 | H10: 0.089762684 | I10: 0.09353 | J10: 0.235 | K10: 0.07389 | L10: 0.3063 | M10: 1.002 | N10: 2.406 | O10: 24.32 | P10: 0.005731 | Q10: 0.03502 | R10: 0.03553 | S10: 0.01226 | T10: 0.02143 | U10: 0.003749 | V10: 15.49 | W10: 30.73 | X10: 106.755 | Y10: 739.3 | Z10: 0.1703 | AA10: 0.5401 | AB10: 0.539 | AC10: 0.206 | AD10: 0.4378 | AE10: 0.1072 | AF10: 0.6328125
A11: 9 | B11: 12.46 | C11: 24.04 | D11: 83.97 | E11: 475.9 | F11: 0.1186 | G11: 0.2396 | H11: 0.2273 | I11: 0.08543 | J11: 0.203 | K11: 0.08243 | L11: 0.2976 | M11: 1.599 | N11: 2.039 | O11: 23.94 | P11: 0.0070783379 | Q11: 0.07217 | R11: 0.07743 | S11: 0.01432 | T11: 0.01789 | U11: 0.01008 | V11: 15.09 | W11: 40.68 | X11: 97.65 | Y11: 711.4 | Z11: 0.13254033 | AA11: 1.058 | AB11: 1.105 | AC11: 0.221 | AD11: 0.4366 | AE11: 0.083772832 | AF11: 0
A12: 10 | B12: 14.172223 | C12: 23.24 | D12: 102.7 | E12: 797.8 | F12: 0.08206 | G12: 0.06669 | H12: 0.03299 | I12: 0.03323 | J12: 0.1528 | K12: 0.05697 | L12: 0.3795 | M12: 1.2273826 | N12: 2.466 | O12: 40.51 | P12: 0.004029 | Q12: 0.009269 | R12: 0.01101 | S12: 0.007591 | T12: 0.0146 | U12: 0.003042 | V12: 19.19 | W12: 25.619805 | X12: 123.8 | Y12: 1150 | Z12: 0.1181 | AA12: 0.1551 | AB12: 0.1459 | AC12: 0.09975 | AD12: 0.28940938 | AE12: 0.08452 | AF12: 0
A13: 11 | B13: 15.78 | C13: 17.89 | D13: 103.6 | E13: 781 | F13: 0.0971 | G13: 0.1292 | H13: 0.09954 | I13: 0.06606 | J13: 0.1842 | K13: 0.06082 | L13: 0.5058 | M13: 0.9849 | N13: 3.564 | O13: 40.834199 | P13: 0.005771 | Q13: 0.04061 | R13: 0.02791 | S13: 0.011848459 | T13: 0.02008 | U13: 0.004144 | V13: 20.42 | W13: 27.28 | X13: 136.5 | Y13: 1299 | Z13: 0.13254033 | AA13: 0.5609 | AB13: 0.3965 | AC13: 0.181 | AD13: 0.3792 | AE13: 0.1048 | AF13: 0
... A570: 568 | B570: 7.76 | C570: 24.54 | D570: 47.92 | E570: 181 | F570: 0.05263 | G570: 0.04362 | H570: 0 | I570: 0 | J570: 0.1587 | K570: 0.05884 | L570: 0.3857 | M570: 1.428 | N570: 2.548 | O570: 19.15 | P570: 0.007189 | Q570: 0.025408436 | R570: 0 | S570: 0 | T570: 0.02676 | U570: 0.0037882701 | V570: 9.456 | W570: 30.37 | X570: 59.16 | Y570: 268.6 | Z570: 0.13254033 | AA570: 0.06444 | AB570: 0 | AC570: 0 | AD570: 0.2871 | AE570: 0.07039 | AF570: 1

Sheet Sheet1
A1: 구분 | B1: mean radius | C1: mean texture | D1: mean perimeter | E1: mean area | F1: mean smoothness | G1: mean compactness | H1: mean concavity | I1: mean concave points | J1: mean symmetry | K1: mean fractal dimension | L1: radius error | M1: texture error | N1: perimeter error | O1: area error | P1: smoothness error | Q1: compactness error | R1: concavity error | S1: concave points error | T1: symmetry error | U1: fractal dimension error | V1: worst radius | W1: worst texture | X1: worst perimeter | Y1: worst area | Z1: worst smoothness | AA1: worst compactness | AB1: worst concavity | AC1: worst concave points | AD1: worst symmetry | AE1: worst fractal dimension | AF1: target
A2: 0 | B2: 17.99 | C2: 10.38 | D2: 122.8 | E2: 1001 | G2: 0.2776 | H2: 0.3001 | I2: 0.1471 | K2: 0.07871 | L2: 1.095 | M2: 0.9053 | N2: 8.589 | O2: 153.4 | P2: 0.006399 | R2: 0.05373 | S2: 0.01587 | T2: 0.03003 | U2: 0.006193 | V2: 25.38 | W2: 17.33 | X2: 184.6 | Z2: 0.1622 | AA2: 0.6656 | AB2: 0.7119 | AC2: 0.2654 | AD2: 0.4601 | AE2: 0.1189 | AF2: 0
A3: 1 | B3: 20.57 | D3: 132.9 | E3: 1326 | F3: 0.08474 | G3: 0.07864 | H3: 0.0869 | I3: 0.07017 | J3: 0.1812 | K3: 0.05667 | L3: 0.5435 | M3: 0.7339 | N3: 3.398 | O3: 74.08 | P3: 0.005225 | R3: 0.0186 | S3: 0.0134 | T3: 0.01389 | U3: 0.003532 | W3: 23.41 | X3: 158.8 | Y3: 1956 | Z3: 0.1238 | AA3: 0.1866 | AB3: 0.2416 | AC3: 0.186 | AD3: 0.275 | AE3: 0.08902 | AF3: 0
A4: 2 | B4: 19.69 | C4: 21.25 | D4: 130 | E4: 1203 | F4: 0.1096 | G4: 0.1599 | H4: 0.1974 | I4: 0.1279 | J4: 0.2069 | K4: 0.05999 | L4: 0.7456 | M4: 0.7869 | N4: 4.585 | O4: 94.03 | P4: 0.00615 | R4: 0.03832 | S4: 0.02058 | T4: 0.0225 | U4: 0.004571 | V4: 23.57 | W4: 25.53 | X4: 152.5 | Y4: 1709 | Z4: 0.1444 | AA4: 0.4245 | AB4: 0.4504 | AC4: 0.243 | AD4: 0.3613 | AE4: 0.08758 | AF4: 0
A5: 3 | B5: 11.42 | C5: 20.38 | D5: 77.58 | E5: 386.1 | F5: 0.1425 | G5: 0.2839 | H5: 0.2414 | I5: 0.1052 | J5: 0.2597 | K5: 0.09744 | L5: 0.4956 | M5: 1.156 | N5: 3.445 | O5: 27.23 | P5: 0.00911 | R5: 0.05661 | S5: 0.01867 | T5: 0.05963 | U5: 0.009208 | W5: 26.5 | X5: 98.87 | Y5: 567.7 | Z5: 0.2098 | AA5: 0.8663 | AB5: 0.6869 | AC5: 0.2575 | AD5: 0.6638 | AE5: 0.173 | AF5: 0
A6: 4 | B6: 20.29 | C6: 14.34 | D6: 135.1 | E6: 1297 | F6: 0.1003 | H6: 0.198 | I6: 0.1043 | J6: 0.1809 | K6: 0.05883 | N6: 5.438 | O6: 94.44 | P6: 0.01149 | Q6: 0.02461 | S6: 0.01885 | T6: 0.01756 | U6: 0.005115 | V6: 22.54 | W6: 16.67 | X6: 152.2 | Y6: 1575 | Z6: 0.1374 | AA6: 0.205 | AB6: 0.4 | AC6: 0.1625 | AF6: 0
A7: 5 | B7: 12.45 | C7: 15.7 | D7: 82.57 | G7: 0.17 | H7: 0.1578 | I7: 0.08089 | J7: 0.2087 | K7: 0.07613 | L7: 0.3345 | M7: 0.8902 | P7: 0.00751 | Q7: 0.03345 | R7: 0.03672 | S7: 0.01137 | T7: 0.02165 | V7: 15.47 | W7: 23.75 | X7: 103.4 | Y7: 741.6 | Z7: 0.1791 | AA7: 0.5249 | AB7: 0.5355 | AC7: 0.1741 | AD7: 0.3985 | AE7: 0.1244 | AF7: 0
A8: 6 | C8: 19.98 | D8: 119.6 | E8: 1040 | F8: 0.09463 | H8: 0.1127 | I8: 0.074 | J8: 0.1794 | K8: 0.05742 | L8: 0.4467 | M8: 0.7732 | N8: 3.18 | O8: 53.91 | P8: 0.004314 | Q8: 0.01382 | R8: 0.02254 | S8: 0.01039 | T8: 0.01369 | U8: 0.002179 | V8: 22.88 | W8: 27.66 | X8: 153.2 | Y8: 1606 | Z8: 0.1442 | AA8: 0.2576 | AB8: 0.3784 | AC8: 0.1932 | AE8: 0.08368 | AF8: 0
A9: 7 | B9: 13.71 | C9: 20.83 | D9: 90.2 | E9: 577.9 | F9: 0.1189 | G9: 0.1645 | H9: 0.09366 | I9: 0.05985 | J9: 0.2196 | K9: 0.07451 | L9: 0.5835 | M9: 1.377 | N9: 3.856 | O9: 50.96 | P9: 0.008805 | Q9: 0.03029 | R9: 0.02488 | S9: 0.01448 | T9: 0.01486 | U9: 0.005412 | V9: 17.06 | W9: 28.14 | Y9: 897 | Z9: 0.1654 | AA9: 0.3682 | AC9: 0.1556 | AD9: 0.3196 | AE9: 0.1151
A10: 8 | B10: 13 | C10: 21.82 | D10: 87.5 | E10: 519.8 | F10: 0.1273 | G10: 0.1932 | I10: 0.09353 | J10: 0.235 | K10: 0.07389 | L10: 0.3063 | M10: 1.002 | N10: 2.406 | O10: 24.32 | P10: 0.005731 | Q10: 0.03502 | R10: 0.03553 | S10: 0.01226 | T10: 0.02143 | U10: 0.003749 | V10: 15.49 | W10: 30.73 | Y10: 739.3 | Z10: 0.1703 | AA10: 0.5401 | AB10: 0.539 | AC10: 0.206 | AD10: 0.4378 | AE10: 0.1072
A11: 9 | B11: 12.46 | C11: 24.04 | D11: 83.97 | E11: 475.9 | F11: 0.1186 | G11: 0.2396 | H11: 0.2273 | I11: 0.08543 | J11: 0.203 | K11: 0.08243 | L11: 0.2976 | M11: 1.599 | N11: 2.039 | O11: 23.94 | Q11: 0.07217 | R11: 0.07743 | S11: 0.01432 | T11: 0.01789 | U11: 0.01008 | V11: 15.09 | W11: 40.68 | X11: 97.65 | Y11: 711.4 | AA11: 1.058 | AB11: 1.105 | AC11: 0.221 | AD11: 0.4366 | AF11: 0
A12: 10 | C12: 23.24 | D12: 102.7 | E12: 797.8 | F12: 0.08206 | G12: 0.06669 | H12: 0.03299 | I12: 0.03323 | J12: 0.1528 | K12: 0.05697 | L12: 0.3795 | N12: 2.466 | O12: 40.51 | P12: 0.004029 | Q12: 0.009269 | R12: 0.01101 | S12: 0.007591 | T12: 0.0146 | U12: 0.003042 | V12: 19.19 | X12: 123.8 | Y12: 1150 | Z12: 0.1181 | AA12: 0.1551 | AB12: 0.1459 | AC12: 0.09975 | AE12: 0.08452 | AF12: 0
A13: 11 | B13: 15.78 | C13: 17.89 | D13: 103.6 | E13: 781 | F13: 0.0971 | G13: 0.1292 | H13: 0.09954 | I13: 0.06606 | J13: 0.1842 | K13: 0.06082 | L13: 0.5058 | M13: 0.9849 | N13: 3.564 | P13: 0.005771 | Q13: 0.04061 | R13: 0.02791 | T13: 0.02008 | U13: 0.004144 | V13: 20.42 | W13: 27.28 | X13: 136.5 | Y13: 1299 | AA13: 0.5609 | AB13: 0.3965 | AC13: 0.181 | AD13: 0.3792 | AE13: 0.1048 | AF13: 0
A14: 12 | B14: 19.17 | C14: 24.8 | D14: 132.4 | E14: 1123 | F14: 0.0974 | H14: 0.2065 | I14: 0.1118 | J14: 0.2397 | K14: 0.078 | L14: 0.9555 | M14: 3.568 | N14: 11.07 | O14: 116.2 | P14: 0.003139 | R14: 0.0889 | S14: 0.0409 | T14: 0.04484 | U14: 0.01284 | V14: 20.96 | W14: 29.94 | X14: 151.7 | Y14: 1332 | Z14: 0.1037 | AA14: 0.3903 | AB14: 0.3639 | AC14: 0.1767 | AD14: 0.3176 | AE14: 0.1023 | AF14: 0
A15: 13 | B15: 15.85 | C15: 23.95 | D15: 103.7 | E15: 782.7 | F15: 0.08401 | G15: 0.1002 | H15: 0.09938 | I15: 0.05364 | J15: 0.1847 | K15: 0.05338 | M15: 1.078 | N15: 2.903 | O15: 36.58 | Q15: 0.03126 | R15: 0.05051 | S15: 0.01992 | T15: 0.02981 | V15: 16.84 | W15: 27.66 | X15: 112 | Y15: 876.5 | Z15: 0.1131 | AA15: 0.1924 | AB15: 0.2322 | AC15: 0.1119 | AD15: 0.2809 | AE15: 0.06287 | AF15: 0
A16: 14 | B16: 13.73 | C16: 22.61 | D16: 93.6 | E16: 578.3 | F16: 0.1131 | G16: 0.2293 | H16: 0.2128 | I16: 0.08025 | J16: 0.2069 | K16: 0.07682 | L16: 0.2121 | M16: 1.169 | N16: 2.061 | O16: 19.21 | P16: 0.006429 | Q16: 0.05936 | R16: 0.05501 | S16: 0.01628 | U16: 0.008093 | V16: 15.03 | W16: 32.01 | X16: 108.8 | Y16: 697.7 | Z16: 0.1651 | AA16: 0.7725 | AB16: 0.6943 | AC16: 0.2208 | AD16: 0.3596 | AE16: 0.1431 | AF16: 0
A17: 15 | B17: 14.54 | D17: 96.73 | E17: 658.8 | F17: 0.1139 | G17: 0.1595 | H17: 0.1639 | I17: 0.07364 | J17: 0.2303 | K17: 0.07077 | L17: 0.37 | M17: 1.033 | N17: 2.879 | O17: 32.55 | P17: 0.005607 | Q17: 0.0424 | R17: 0.04741 | S17: 0.0109 | T17: 0.01857 | U17: 0.005466 | V17: 17.46 | W17: 37.13 | X17: 124.1 | Y17: 943.2 | Z17: 0.1678 | AA17: 0.6577 | AB17: 0.7026 | AC17: 0.1712 | AD17: 0.4218 | AE17: 0.1341 | AF17: 0
A18: 16 | B18: 14.68 | C18: 20.13 | D18: 94.74 | F18: 0.09867 | G18: 0.072 | H18: 0.07395 | I18: 0.05259 | J18: 0.1586 | K18: 0.05922 | L18: 0.4727 | M18: 1.24 | N18: 3.195 | O18: 45.4 | P18: 0.005718 | Q18: 0.01162 | R18: 0.01998 | S18: 0.01109 | T18: 0.0141 | U18: 0.002085 | V18: 19.07 | W18: 30.88 | X18: 123.4 | Y18: 1138 | Z18: 0.1464 | AB18: 0.2914 | AC18: 0.1609 | AD18: 0.3029 | AE18: 0.08216 | AF18: 0
A19: 17 | B19: 16.13 | C19: 20.68 | D19: 108.1 | E19: 798.8 | F19: 0.117 | G19: 0.2022 | H19: 0.1722 | I19: 0.1028 | J19: 0.2164 | K19: 0.07356 | L19: 0.5692 | M19: 1.073 | N19: 3.854 | O19: 54.18 | P19: 0.007026 | Q19: 0.02501 | S19: 0.01297 | T19: 0.01689 | U19: 0.004142 | V19: 20.96 | W19: 31.48 | X19: 136.8 | Y19: 1315 | Z19: 0.1789 | AA19: 0.4233 | AB19: 0.4784 | AC19: 0.2073 | AD19: 0.3706 | AE19: 0.1142 | AF19: 0
A20: 18 | B20: 19.81 | C20: 22.15 | D20: 130 | E20: 1260 | F20: 0.09831 | G20: 0.1027 | H20: 0.1479 | I20: 0.09498 | J20: 0.1582 | K20: 0.05395 | L20: 0.7582 | M20: 1.017 | N20: 5.865 | O20: 112.4 | P20: 0.006494 | Q20: 0.01893 | R20: 0.03391 | S20: 0.01521 | T20: 0.01356 | U20: 0.001997 | V20: 27.32 | W20: 30.88 | X20: 186.8 | Y20: 2398 | Z20: 0.1512 | AA20: 0.315 | AB20: 0.5372 | AC20: 0.2388 | AD20: 0.2768 | AE20: 0.07615 | AF20: 0
A21: 19 | B21: 13.54 | C21: 14.36 | D21: 87.46 | E21: 566.3 | F21: 0.09779 | G21: 0.08129 | H21: 0.06664 | I21: 0.04781 | J21: 0.1885 | K21: 0.05766 | L21: 0.2699 | M21: 0.7886 | N21: 2.058 | O21: 23.56 | P21: 0.008462 | Q21: 0.0146 | R21: 0.02387 | S21: 0.01315 | T21: 0.0198 | U21: 0.0023 | V21: 15.11 | W21: 19.26 | X21: 99.7 | Y21: 711.2 | Z21: 0.144 | AA21: 0.1773 | AB21: 0.239 | AC21: 0.1288 | AD21: 0.2977 | AE21: 0.07259 | AF21: 1
A22: 20 | B22: 13.08 | C22: 15.71 | E22: 520 | F22: 0.1075 | G22: 0.127 | H22: 0.04568 | I22: 0.0311 | K22: 0.06811 | M22: 0.7477 | O22: 14.67 | P22: 0.004097 | Q22: 0.01898 | R22: 0.01698 | S22: 0.00649 | T22: 0.01678 | U22: 0.002425 | W22: 20.49 | X22: 96.09 | Y22: 630.5 | Z22: 0.1312 | AA22: 0.2776 | AB22: 0.189 | AC22: 0.07283 | AD22: 0.3184 | AE22: 0.08183 | AF22: 1
A23: 21 | B23: 9.504 | C23: 12.44 | E23: 273.9 | F23: 0.1024 | G23: 0.06492 | H23: 0.02956 | I23: 0.02076 | J23: 0.1815 | K23: 0.06905 | L23: 0.2773 | M23: 0.9768 | N23: 1.909 | O23: 15.7 | P23: 0.009606 | Q23: 0.01432 | R23: 0.01985 | S23: 0.01421 | T23: 0.02027 | U23: 0.002968 | V23: 10.23 | W23: 15.66 | X23: 65.13 | Y23: 314.9 | Z23: 0.1324 | AB23: 0.08867 | AC23: 0.06227 | AD23: 0.245 | AE23: 0.07773 | AF23: 1
A24: 22 | B24: 15.34 | C24: 14.26 | E24: 704.4 | F24: 0.1073 | G24: 0.2135 | H24: 0.2077 | I24: 0.09756 | K24: 0.07032 | L24: 0.4388 | M24: 0.7096 | N24: 3.384 | O24: 44.91 | Q24: 0.05328 | R24: 0.06446 | S24: 0.02252 | T24: 0.03672 | U24: 0.004394 | W24: 19.08 | X24: 125.1 | Y24: 980.9 | AA24: 0.5954 | AB24: 0.6305 | AC24: 0.2393 | AD24: 0.4667 | AE24: 0.09946 | AF24: 0
A25: 23 | B25: 21.16 | C25: 23.04 | E25: 1404 | F25: 0.09428 | G25: 0.1022 | H25: 0.1097 | I25: 0.08632 | L25: 0.6917 | M25: 1.127 | N25: 4.303 | O25: 93.99 | P25: 0.004728 | Q25: 0.01259 | R25: 0.01715 | S25: 0.01038 | T25: 0.01083 | U25: 0.001987 | V25: 29.17 | W25: 35.59 | X25: 188 | Y25: 2615 | Z25: 0.1401 | AA25: 0.26 | AB25: 0.3155 | AC25: 0.2009 | AD25: 0.2822 | AE25: 0.07526 | AF25: 0
A26: 24 | B26: 16.65 | C26: 21.38 | D26: 110 | E26: 904.6 | F26: 0.1121 | G26: 0.1457 | H26: 0.1525 | I26: 0.0917 | J26: 0.1995 | K26: 0.0633 | L26: 0.8068 | M26: 0.9017 | N26: 5.455 | O26: 102.6 | P26: 0.006048 | Q26: 0.01882 | R26: 0.02741 | S26: 0.0113 | T26: 0.01468 | U26: 0.002801 | V26: 26.46 | W26: 31.56 | X26: 177 | Y26: 2215 | AA26: 0.3578 | AB26: 0.4695 | AC26: 0.2095 | AD26: 0.3613 | AE26: 0.09564 | AF26: 0
A27: 25 | B27: 17.14 | C27: 16.4 | D27: 116 | E27: 912.7 | F27: 0.1186 | G27: 0.2276 | H27: 0.2229 | J27: 0.304 | K27: 0.07413 | L27: 1.046 | M27: 0.976 | N27: 7.276 | O27: 111.4 | P27: 0.008029 | Q27: 0.03799 | R27: 0.03732 | S27: 0.02397 | U27: 0.007444 | V27: 22.25 | W27: 21.4 | X27: 152.4 | Y27: 1461 | Z27: 0.1545 | AA27: 0.3949 | AB27: 0.3853 | AC27: 0.255 | AD27: 0.4066 | AE27: 0.1059 | AF27: 0
A28: 26 | B28: 14.58 | D28: 97.41 | E28: 644.8 | F28: 0.1054 | G28: 0.1868 | H28: 0.1425 | I28: 0.08783 | J28: 0.2252 | K28: 0.06924 | L28: 0.2545 | M28: 0.9832 | O28: 21.05 | P28: 0.004452 | Q28: 0.03055 | S28: 0.01352 | T28: 0.01454 | U28: 0.003711 | V28: 17.62 | W28: 33.21 | X28: 122.4 | Y28: 896.9 | Z28: 0.1525 | AA28: 0.6643 | AB28: 0.5539 | AC28: 0.2701 | AD28: 0.4264 | AE28: 0.1275 | AF28: 0
A29: 27 | B29: 18.61 | C29: 20.25 | D29: 122.1 | E29: 1094 | F29: 0.0944 | G29: 0.1066 | H29: 0.149 | I29: 0.07731 | J29: 0.1697 | K29: 0.05699 | L29: 0.8529 | M29: 1.849 | N29: 5.632 | O29: 93.54 | P29: 0.01075 | Q29: 0.02722 | R29: 0.05081 | S29: 0.01911 | T29: 0.02293 | V29: 21.31 | W29: 27.26 | X29: 139.9 | Y29: 1403 | Z29: 0.1338 | AA29: 0.2117 | AB29: 0.3446 | AC29: 0.149 | AD29: 0.2341 | AF29: 0
A30: 28 | B30: 15.3 | C30: 25.27 | D30: 102.4 | E30: 732.4 | F30: 0.1082 | G30: 0.1697 | H30: 0.1683 | I30: 0.08751 | J30: 0.1926 | K30: 0.0654 | L30: 0.439 | M30: 1.012 | N30: 3.498 | O30: 43.5 | P30: 0.005233 | R30: 0.03576 | T30: 0.01768 | U30: 0.002967 | V30: 20.27 | W30: 36.71 | X30: 149.3 | Y30: 1269 | Z30: 0.1641 | AA30: 0.611 | AB30: 0.6335 | AC30: 0.2024 | AD30: 0.4027 | AE30: 0.09876 | AF30: 0
A31: 29 | C31: 15.05 | E31: 955.1 | F31: 0.09847 | G31: 0.1157 | H31: 0.09875 | I31: 0.07953 | K31: 0.06149 | L31: 0.6003 | M31: 0.8225 | N31: 4.655 | O31: 61.1 | P31: 0.005627 | Q31: 0.03033 | R31: 0.03407 | S31: 0.01354 | T31: 0.01925 | V31: 20.01 | W31: 19.52 | X31: 134.9 | Y31: 1227 | Z31: 0.1255 | AC31: 0.1456 | AD31: 0.2756 | AE31: 0.07919 | AF31: 0
A32: 30 | C32: 25.11 | E32: 1088 | F32: 0.1064 | H32: 0.2319 | J32: 0.2183 | K32: 0.06197 | L32: 0.8307 | M32: 1.466 | N32: 5.574 | O32: 105 | P32: 0.006248 | Q32: 0.03374 | R32: 0.05196 | S32: 0.01158 | T32: 0.02007 | U32: 0.00456 | V32: 23.15 | W32: 34.01 | X32: 160.5 | Y32: 1670 | Z32: 0.1491 | AB32: 0.6133 | AC32: 0.1848 | AD32: 0.3444 | AF32: 0
A33: 31 | B33: 11.84 | C33: 18.7 | D33: 77.93 | E33: 440.6 | F33: 0.1109 | G33: 0.1516 | H33: 0.1218 | I33: 0.05182 | J33: 0.2301 | K33: 0.07799 | L33: 0.4825 | M33: 1.03 | N33: 3.475 | P33: 0.005551 | R33: 0.04205 | S33: 0.01044 | T33: 0.02273 | U33: 0.005667 | V33: 16.82 | W33: 28.12 | X33: 119.4 | Y33: 888.7 | Z33: 0.1637 | AB33: 0.6956 | AC33: 0.1546 | AD33: 0.4761 | AE33: 0.1402
A34: 32 | B34: 17.02 | C34: 23.98 | D34: 112.8 | E34: 899.3 | F34: 0.1197 | H34: 0.2417 | I34: 0.1203 | L34: 0.6009 | N34: 3.999 | O34: 67.78 | P34: 0.008268 | Q34: 0.03082 | R34: 0.05042 | S34: 0.01112 | T34: 0.02102 | U34: 0.003854 | W34: 32.09 | X34: 136.1 | Y34: 1344 | Z34: 0.1634 | AA34: 0.3559 | AB34: 0.5588 | AC34: 0.1847 | AE34: 0.08482
A35: 33 | B35: 19.27 | C35: 26.47 | D35: 127.9 | E35: 1162 | F35: 0.09401 | G35: 0.1719 | I35: 0.07593 | J35: 0.1853 | K35: 0.06261 | M35: 0.6062 | N35: 3.528 | P35: 0.005015 | Q35: 0.03318 | R35: 0.03497 | S35: 0.009643 | U35: 0.003896 | V35: 24.15 | W35: 30.9 | X35: 161.4 | Y35: 1813 | Z35: 0.1509 | AA35: 0.659 | AB35: 0.6091 | AC35: 0.1785 | AD35: 0.3672 | AE35: 0.1123 | AF35: 0
A36: 34 | B36: 16.13 | C36: 17.88 | D36: 107 | E36: 807.2 | G36: 0.1559 | H36: 0.1354 | I36: 0.07752 | K36: 0.06515 | L36: 0.334 | M36: 0.6857 | N36: 2.183 | O36: 35.03 | P36: 0.004185 | Q36: 0.02868 | R36: 0.02664 | S36: 0.009067 | T36: 0.01703 | U36: 0.003817 | V36: 20.21 | W36: 27.26 | X36: 132.7 | Y36: 1261 | Z36: 0.1446 | AA36: 0.5804 | AB36: 0.5274 | AC36: 0.1864 | AD36: 0.427 | AE36: 0.1233 | AF36: 0
A37: 35 | B37: 16.74 | C37: 21.59 | D37: 110.1 | E37: 869.5 | F37: 0.0961 | G37: 0.1336 | H37: 0.1348 | I37: 0.06018 | J37: 0.1896 | K37: 0.05656 | L37: 0.4615 | M37: 0.9197 | N37: 3.008 | O37: 45.19 | P37: 0.005776 | Q37: 0.02499 | R37: 0.03695 | S37: 0.01195 | U37: 0.002665 | X37: 133.5 | Y37: 1229 | Z37: 0.1563 | AA37: 0.3835 | AB37: 0.5409 | AC37: 0.1813 | AD37: 0.4863 | AE37: 0.08633 | AF37: 0
A38: 36 | B38: 14.25 | C38: 21.72 | D38: 93.63 | E38: 633 | F38: 0.09823 | G38: 0.1098 | H38: 0.1319 | I38: 0.05598 | J38: 0.1885 | K38: 0.06125 | M38: 1.019 | O38: 24.91 | P38: 0.005878 | Q38: 0.02995 | R38: 0.04815 | S38: 0.01161 | T38: 0.02028 | U38: 0.004022 | V38: 15.89 | W38: 30.36 | X38: 116.2 | Y38: 799.6 | Z38: 0.1446 | AA38: 0.4238 | AB38: 0.5186 | AD38: 0.3591 | AE38: 0.1014 | AF38: 0
A39: 37 | B39: 13.03 | C39: 18.42 | D39: 82.61 | E39: 523.8 | F39: 0.08983 | G39: 0.03766 | H39: 0.02562 | I39: 0.02923 | J39: 0.1467 | K39: 0.05863 | L39: 0.1839 | M39: 2.342 | N39: 1.17 | O39: 14.16 | P39: 0.004352 | Q39: 0.004899 | R39: 0.01343 | S39: 0.01164 | T39: 0.02671 | U39: 0.001777 | V39: 13.3 | W39: 22.81 | X39: 84.46 | Y39: 545.9 | Z39: 0.09701 | AA39: 0.04619 | AB39: 0.04833 | AC39: 0.05013 | AD39: 0.1987 | AE39: 0.06169 | AF39: 1
A40: 38 | B40: 14.99 | C40: 25.2 | D40: 95.54 | E40: 698.8 | F40: 0.09387 | G40: 0.05131 | I40: 0.02899 | J40: 0.1565 | L40: 1.214 | M40: 2.188 | N40: 8.077 | O40: 106 | P40: 0.006883 | Q40: 0.01094 | R40: 0.01818 | T40: 0.007882 | U40: 0.001754 | V40: 14.99 | W40: 25.2 | Y40: 698.8 | Z40: 0.09387 | AA40: 0.05131 | AC40: 0.02899 | AD40: 0.1565 | AE40: 0.05504 | AF40: 0
A41: 39 | B41: 13.48 | C41: 20.82 | D41: 88.4 | E41: 559.2 | F41: 0.1016 | G41: 0.1255 | I41: 0.05439 | J41: 0.172 | K41: 0.06419 | M41: 0.5914 | N41: 1.545 | O41: 18.52 | P41: 0.005367 | Q41: 0.02239 | S41: 0.01262 | U41: 0.003187 | V41: 15.53 | W41: 26.02 | X41: 107.3 | Y41: 740.4 | AA41: 0.4225 | AB41: 0.503 | AD41: 0.2807 | AE41: 0.1071
A42: 40 | B42: 13.44 | C42: 21.58 | D42: 86.18 | E42: 563 | G42: 0.06031 | H42: 0.0311 | I42: 0.02031 | K42: 0.05587 | L42: 0.2385 | M42: 0.8265 | N42: 1.572 | O42: 20.53 | P42: 0.00328 | Q42: 0.01102 | R42: 0.0139 | S42: 0.006881 | T42: 0.0138 | U42: 0.001286 | V42: 15.93 | W42: 30.25 | X42: 102.5 | Y42: 787.9 | Z42: 0.1094 | AA42: 0.2043 | AB42: 0.2085 | AC42: 0.1112 | AD42: 0.2994 | AF42: 0
A43: 41 | B43: 10.95 | C43: 21.35 | D43: 71.9 | E43: 371.1 | F43: 0.1227 | G43: 0.1218 | J43: 0.1895 | K43: 0.0687 | L43: 0.2366 | M43: 1.428 | N43: 1.822 | O43: 16.97 | P43: 0.008064 | Q43: 0.01764 | R43: 0.02595 | T43: 0.01357 | V43: 12.84 | W43: 35.34 | X43: 87.22 | Y43: 514 | Z43: 0.1909 | AA43: 0.2698 | AB43: 0.4023 | AC43: 0.1424 | AD43: 0.2964 | AE43: 0.09606 | AF43: 0
A44: 42 | B44: 19.07 | C44: 24.81 | E44: 1104 | F44: 0.09081 | G44: 0.219 | H44: 0.2107 | I44: 0.09961 | J44: 0.231 | K44: 0.06343 | L44: 0.9811 | M44: 1.666 | N44: 8.83 | O44: 104.9 | P44: 0.006548 | Q44: 0.1006 | R44: 0.09723 | S44: 0.02638 | T44: 0.05333 | U44: 0.007646 | W44: 33.17 | Y44: 1651 | Z44: 0.1247 | AA44: 0.7444 | AB44: 0.7242 | AC44: 0.2493 | AE44: 0.1038 | AF44: 0
A45: 43 | B45: 13.28 | C45: 20.28 | D45: 87.32 | E45: 545.2 | F45: 0.1041 | G45: 0.1436 | H45: 0.09847 | J45: 0.1974 | K45: 0.06782 | L45: 0.3704 | M45: 0.8249 | N45: 2.427 | O45: 31.33 | P45: 0.005072 | Q45: 0.02147 | R45: 0.02185 | S45: 0.00956 | T45: 0.01719 | U45: 0.003317 | V45: 17.38 | W45: 28 | Y45: 907.2 | Z45: 0.153 | AA45: 0.3724 | AB45: 0.3664 | AC45: 0.1492 | AD45: 0.3739 | AF45: 0
A46: 44 | B46: 13.17 | D46: 85.42 | E46: 531.5 | F46: 0.09714 | G46: 0.1047 | H46: 0.08259 | I46: 0.05252 | J46: 0.1746 | K46: 0.06177 | L46: 0.1938 | M46: 0.6123 | N46: 1.334 | O46: 14.49 | P46: 0.00335 | R46: 0.01452 | T46: 0.01113 | V46: 16.23 | W46: 29.89 | Y46: 740.7 | Z46: 0.1503 | AA46: 0.3904 | AB46: 0.3728 | AC46: 0.1607 | AD46: 0.3693 | AE46: 0.09618 | AF46: 0
A47: 45 | B47: 18.65 | C47: 17.6 | D47: 123.7 | E47: 1076 | F47: 0.1099 | G47: 0.1686 | H47: 0.1974 | I47: 0.1009 | J47: 0.1907 | K47: 0.06049 | L47: 0.6289 | M47: 0.6633 | N47: 4.293 | O47: 71.56 | P47: 0.006294 | Q47: 0.03994 | R47: 0.05554 | S47: 0.01695 | T47: 0.02428 | V47: 22.82 | W47: 21.32 | X47: 150.6 | Z47: 0.1679 | AA47: 0.509 | AB47: 0.7345 | AC47: 0.2378 | AD47: 0.3799 | AE47: 0.09185
A48: 46 | B48: 8.196 | C48: 16.84 | D48: 51.71 | E48: 201.9 | F48: 0.086 | G48: 0.05943 | H48: 0.01588 | I48: 0.005917 | K48: 0.06503 | L48: 0.1563 | M48: 0.9567 | N48: 1.094 | O48: 8.205 | P48: 0.008968 | Q48: 0.01646 | S48: 0.005917 | T48: 0.02574 | U48: 0.002582 | V48: 8.964 | W48: 21.96 | X48: 57.26 | Y48: 242.2 | Z48: 0.1297 | AA48: 0.1357 | AB48: 0.0688 | AC48: 0.02564 | AD48: 0.3105 | AF48: 1
A49: 47 | B49: 13.17 | C49: 18.66 | D49: 85.98 | E49: 534.6 | F49: 0.1158 | G49: 0.1231 | H49: 0.1226 | I49: 0.0734 | J49: 0.2128 | K49: 0.06777 | L49: 0.2871 | M49: 0.8937 | N49: 1.897 | O49: 24.25 | P49: 0.006532 | Q49: 0.02336 | R49: 0.02905 | S49: 0.01215 | T49: 0.01743 | U49: 0.003643 | V49: 15.67 | W49: 27.95 | X49: 102.8 | Y49: 759.4 | Z49: 0.1786 | AA49: 0.4166 | AB49: 0.5006 | AC49: 0.2088 | AE49: 0.1179 | AF49: 0
A50: 48 | B50: 12.05 | C50: 14.63 | D50: 78.04 | E50: 449.3 | F50: 0.1031 | G50: 0.09092 | H50: 0.06592 | I50: 0.02749 | J50: 0.1675 | M50: 0.7294 | N50: 1.848 | O50: 19.87 | P50: 0.005488 | Q50: 0.01427 | R50: 0.02322 | S50: 0.00566 | T50: 0.01428 | U50: 0.002422 | V50: 13.76 | W50: 20.7 | X50: 89.88 | Y50: 582.6 | AA50: 0.2156 | AC50: 0.06548 | AD50: 0.2747 | AE50: 0.08301 | AF50: 1
A51: 49 | B51: 13.49 | C51: 22.3 | D51: 86.91 | E51: 561 | F51: 0.08752 | G51: 0.07698 | H51: 0.04751 | I51: 0.03384 | J51: 0.1809 | K51: 0.05718 | L51: 0.2338 | M51: 1.353 | N51: 1.735 | P51: 0.004455 | Q51: 0.01382 | R51: 0.02095 | S51: 0.01184 | T51: 0.01641 | V51: 15.15 | W51: 31.82 | X51: 99 | Y51: 698.8 | Z51: 0.1162 | AA51: 0.1711 | AB51: 0.2282 | AC51: 0.1282 | AD51: 0.2871 | AE51: 0.06917 | AF51: 1
A52: 50 | B52: 11.76 | C52: 21.6 | D52: 74.72 | E52: 427.9 | F52: 0.08637 | G52: 0.04966 | H52: 0.01657 | I52: 0.01115 | J52: 0.1495 | L52: 0.4062 | M52: 1.21 | N52: 2.635 | O52: 28.47 | P52: 0.005857 | Q52: 0.009758 | R52: 0.01168 | S52: 0.007445 | T52: 0.02406 | U52: 0.001769 | V52: 12.98 | W52: 25.72 | X52: 82.98 | Y52: 516.5 | Z52: 0.1085 | AA52: 0.08615 | AB52: 0.05523 | AC52: 0.03715 | AD52: 0.2433 | AE52: 0.06563 | AF52: 1
A53: 51 | B53: 13.64 | D53: 87.21 | E53: 571.8 | F53: 0.07685 | G53: 0.06059 | H53: 0.01857 | I53: 0.01723 | J53: 0.1353 | K53: 0.05953 | L53: 0.1872 | M53: 0.9234 | N53: 1.449 | O53: 14.55 | P53: 0.004477 | Q53: 0.01177 | R53: 0.01079 | S53: 0.007956 | T53: 0.01325 | U53: 0.002551 | V53: 14.67 | W53: 23.19 | Y53: 656.7 | Z53: 0.1089 | AA53: 0.1582 | AB53: 0.105 | AC53: 0.08586 | AD53: 0.2346 | AE53: 0.08025 | AF53: 1
A54: 52 | B54: 11.94 | C54: 18.24 | D54: 75.71 | E54: 437.6 | G54: 0.04751 | H54: 0.01972 | I54: 0.01349 | J54: 0.1868 | L54: 0.2273 | M54: 0.6329 | N54: 1.52 | O54: 17.47 | P54: 0.00721 | Q54: 0.00838 | R54: 0.01311 | S54: 0.008 | U54: 0.002635 | V54: 13.1 | W54: 21.33 | X54: 83.67 | Y54: 527.2 | Z54: 0.1144 | AA54: 0.08906 | AB54: 0.09203 | AC54: 0.06296 | AD54: 0.2785 | AE54: 0.07408 | AF54: 1
A55: 53 | B55: 18.22 | C55: 18.7 | D55: 120.3 | E55: 1033 | F55: 0.1148 | G55: 0.1485 | H55: 0.1772 | I55: 0.106 | J55: 0.2092 | K55: 0.0631 | L55: 0.8337 | M55: 1.593 | N55: 4.877 | O55: 98.81 | P55: 0.003899 | Q55: 0.02961 | R55: 0.02817 | S55: 0.009222 | T55: 0.02674 | U55: 0.005126 | V55: 20.6 | W55: 24.13 | X55: 135.1 | Y55: 1321 | Z55: 0.128 | AA55: 0.2297 | AC55: 0.1325 | AD55: 0.3021 | AE55: 0.07987 | AF55: 0
A56: 54 | B56: 15.1 | C56: 22.02 | D56: 97.26 | E56: 712.8 | F56: 0.09056 | G56: 0.07081 | H56: 0.05253 | I56: 0.03334 | J56: 0.1616 | K56: 0.05684 | L56: 0.3105 | N56: 2.097 | O56: 29.91 | P56: 0.004675 | Q56: 0.0103 | R56: 0.01603 | S56: 0.009222 | T56: 0.01095 | U56: 0.001629 | V56: 18.1 | W56: 31.69 | X56: 117.7 | Y56: 1030 | Z56: 0.1389 | AA56: 0.2057 | AC56: 0.153 | AD56: 0.2675 | AE56: 0.07873 | AF56: 0
A57: 55 | C57: 18.75 | D57: 73.34 | E57: 409 | F57: 0.09524 | G57: 0.05473 | H57: 0.03036 | I57: 0.02278 | J57: 0.192 | K57: 0.05907 | L57: 0.3249 | M57: 0.9591 | N57: 2.183 | O57: 23.47 | P57: 0.008328 | Q57: 0.008722 | R57: 0.01349 | S57: 0.00867 | T57: 0.03218 | U57: 0.002386 | V57: 12.84 | W57: 22.47 | X57: 81.81 | Z57: 0.1249 | AA57: 0.0872 | AB57: 0.09076 | AC57: 0.06316 | AD57: 0.3306 | AF57: 1
A58: 56 | B58: 19.21 | D58: 125.5 | E58: 1152 | F58: 0.1053 | G58: 0.1267 | H58: 0.1323 | I58: 0.08994 | J58: 0.1917 | K58: 0.05961 | L58: 0.7275 | M58: 1.193 | N58: 4.837 | O58: 102.5 | P58: 0.006458 | Q58: 0.02306 | R58: 0.02945 | S58: 0.01538 | T58: 0.01852 | U58: 0.002608 | V58: 26.14 | W58: 28.14 | X58: 170.1 | Y58: 2145 | Z58: 0.1624 | AA58: 0.3511 | AC58: 0.2091 | AD58: 0.3537 | AF58: 0
A59: 57 | B59: 14.71 | C59: 21.59 | D59: 95.55 | E59: 656.9 | F59: 0.1137 | G59: 0.1365 | I59: 0.08123 | J59: 0.2027 | K59: 0.06758 | L59: 0.4226 | M59: 1.15 | N59: 2.735 | O59: 40.09 | P59: 0.003659 | Q59: 0.02855 | R59: 0.02572 | S59: 0.01272 | T59: 0.01817 | V59: 17.87 | W59: 30.7 | X59: 115.7 | Y59: 985.5 | AA59: 0.429 | AB59: 0.3587 | AC59: 0.1834 | AD59: 0.3698 | AE59: 0.1094
A60: 58 | B60: 13.05 | C60: 19.31 | D60: 82.61 | E60: 527.2 | F60: 0.0806 | G60: 0.03789 | H60: 0.000692 | I60: 0.004167 | J60: 0.1819 | K60: 0.05501 | L60: 0.404 | M60: 1.214 | O60: 32.96 | P60: 0.007491 | Q60: 0.008593 | R60: 0.000692 | S60: 0.004167 | T60: 0.0219 | U60: 0.00299 | V60: 14.23 | W60: 22.25 | X60: 90.24 | Y60: 624.1 | Z60: 0.1021 | AA60: 0.06191 | AB60: 0.001845 | AC60: 0.01111 | AD60: 0.2439 | AF60: 1
A61: 59 | B61: 8.618 | C61: 11.79 | D61: 54.34 | E61: 224.5 | F61: 0.09752 | G61: 0.05272 | H61: 0.02061 | I61: 0.007799 | J61: 0.1683 | K61: 0.07187 | L61: 0.1559 | M61: 0.5796 | P61: 0.01011 | Q61: 0.01055 | R61: 0.01981 | S61: 0.005742 | U61: 0.002788 | V61: 9.507 | W61: 15.4 | X61: 59.9 | Y61: 274.9 | Z61: 0.1733 | AB61: 0.1168 | AC61: 0.04419 | AD61: 0.322 | AE61: 0.09026 | AF61: 1
A62: 60 | B62: 10.17 | C62: 14.88 | D62: 64.55 | E62: 311.9 | G62: 0.08061 | H62: 0.01084 | I62: 0.0129 | J62: 0.2743 | K62: 0.0696 | M62: 1.441 | N62: 3.312 | O62: 34.62 | P62: 0.007514 | R62: 0.007665 | S62: 0.008193 | T62: 0.04183 | U62: 0.005953 | V62: 11.02 | W62: 17.45 | X62: 69.86 | Y62: 368.6 | Z62: 0.1275 | AB62: 0.02168 | AC62: 0.02579 | AE62: 0.0802 | AF62: 1
A63: 61 | B63: 8.598 | C63: 20.98 | D63: 54.66 | F63: 0.1243 | G63: 0.08963 | H63: 0.03 | I63: 0.009259 | J63: 0.1828 | K63: 0.06757 | L63: 0.3582 | M63: 2.067 | N63: 2.493 | O63: 18.39 | P63: 0.01193 | Q63: 0.03162 | R63: 0.03 | S63: 0.009259 | T63: 0.03357 | U63: 0.003048 | V63: 9.565 | W63: 27.04 | X63: 62.06 | Y63: 273.9 | AA63: 0.1698 | AB63: 0.09001 | AC63: 0.02778 | AD63: 0.2972 | AE63: 0.07712 | AF63: 1
A64: 62 | B64: 14.25 | C64: 22.15 | D64: 96.42 | E64: 645.7 | F64: 0.1049 | G64: 0.2008 | H64: 0.2135 | I64: 0.08653 | J64: 0.1949 | K64: 0.07292 | L64: 0.7036 | M64: 1.268 | N64: 5.373 | O64: 60.78 | P64: 0.009407 | Q64: 0.07056 | R64: 0.06899 | S64: 0.01848 | T64: 0.017 | U64: 0.006113 | V64: 17.67 | W64: 29.51 | X64: 119.1 | Z64: 0.164 | AA64: 0.6247 | AB64: 0.6922 | AC64: 0.1785 | AD64: 0.2844 | AE64: 0.1132 | AF64: 0
A65: 63 | B65: 9.173 | C65: 13.86 | D65: 59.2 | E65: 260.9 | F65: 0.07721 | G65: 0.08751 | H65: 0.05988 | J65: 0.2341 | K65: 0.06963 | L65: 0.4098 | M65: 2.265 | N65: 2.608 | O65: 23.52 | P65: 0.008738 | Q65: 0.03938 | R65: 0.04312 | S65: 0.0156 | T65: 0.04192 | U65: 0.005822 | W65: 19.23 | X65: 65.59 | Y65: 310.1 | Z65: 0.09836 | AB65: 0.1397 | AC65: 0.05087 | AD65: 0.3282 | AE65: 0.0849
A66: 64 | B66: 12.68 | C66: 23.84 | D66: 82.69 | E66: 499 | F66: 0.1122 | G66: 0.1262 | H66: 0.1128 | I66: 0.06873 | J66: 0.1905 | K66: 0.0659 | L66: 0.4255 | M66: 1.178 | N66: 2.927 | P66: 0.007781 | Q66: 0.02648 | R66: 0.02973 | S66: 0.0129 | T66: 0.01635 | U66: 0.003601 | V66: 17.09 | W66: 33.47 | X66: 111.8 | Y66: 888.3 | Z66: 0.1851 | AA66: 0.4061 | AB66: 0.4024 | AC66: 0.1716 | AE66: 0.1031 | AF66: 0
A67: 65 | B67: 14.78 | C67: 23.94 | E67: 668.3 | F67: 0.1172 | G67: 0.1479 | H67: 0.1267 | J67: 0.1953 | K67: 0.06654 | L67: 0.3577 | M67: 1.281 | N67: 2.45 | O67: 35.24 | P67: 0.006703 | Q67: 0.0231 | R67: 0.02315 | S67: 0.01184 | U67: 0.003224 | V67: 17.31 | W67: 33.39 | X67: 114.6 | Y67: 925.1 | Z67: 0.1648 | AA67: 0.3416 | AC67: 0.1614 | AD67: 0.3321 | AE67: 0.08911 | AF67: 0
A68: 66 | B68: 9.465 | C68: 21.01 | D68: 60.11 | F68: 0.1044 | G68: 0.07773 | H68: 0.02172 | I68: 0.01504 | K68: 0.06899 | L68: 0.2351 | M68: 2.011 | N68: 1.66 | O68: 14.2 | P68: 0.01052 | Q68: 0.01755 | S68: 0.009333 | T68: 0.02279 | U68: 0.004237 | W68: 31.56 | X68: 67.03 | Y68: 330.7 | Z68: 0.1548 | AA68: 0.1664 | AB68: 0.09412 | AC68: 0.06517 | AD68: 0.2878 | AE68: 0.09211 | AF68: 1
A69: 67 | B69: 11.31 | C69: 19.04 | D69: 71.8 | E69: 394.1 | F69: 0.08139 | G69: 0.04701 | H69: 0.03709 | I69: 0.0223 | J69: 0.1516 | K69: 0.05667 | L69: 0.2727 | M69: 0.9429 | N69: 1.831 | O69: 18.15 | P69: 0.009282 | S69: 0.008965 | T69: 0.02183 | U69: 0.002146 | V69: 12.33 | X69: 78 | Y69: 466.7 | Z69: 0.129 | AA69: 0.09148 | AB69: 0.1444 | AC69: 0.06961 | AD69: 0.24 | AE69: 0.06641 | AF69: 1
A70: 68 | B70: 9.029 | C70: 17.33 | D70: 58.79 | E70: 250.5 | F70: 0.1066 | H70: 0.313 | I70: 0.04375 | K70: 0.08046 | L70: 0.3274 | M70: 1.194 | N70: 1.885 | O70: 17.67 | P70: 0.009549 | Q70: 0.08606 | R70: 0.3038 | S70: 0.03322 | T70: 0.04197 | V70: 10.31 | W70: 22.65 | X70: 65.5 | Y70: 324.7 | Z70: 0.1482 | AA70: 0.4365 | AB70: 1.252 | AC70: 0.175 | AD70: 0.4228 | AE70: 0.1175 | AF70: 1
A71: 69 | B71: 12.78 | C71: 16.49 | D71: 81.37 | E71: 502.5 | F71: 0.09831 | G71: 0.05234 | H71: 0.03653 | I71: 0.02864 | J71: 0.159 | K71: 0.05653 | L71: 0.2368 | M71: 0.8732 | N71: 1.471 | O71: 18.33 | P71: 0.007962 | Q71: 0.005612 | R71: 0.01585 | S71: 0.008662 | T71: 0.02254 | U71: 0.001906 | V71: 13.46 | W71: 19.76 | X71: 85.67 | Y71: 554.9 | AB71: 0.1039 | AD71: 0.2383 | AE71: 0.0641
A72: 70 | C72: 21.31 | E72: 1130 | F72: 0.09009 | G72: 0.1029 | H72: 0.108 | I72: 0.07951 | J72: 0.1582 | K72: 0.05461 | L72: 0.7888 | M72: 0.7975 | N72: 5.486 | O72: 96.05 | P72: 0.004444 | Q72: 0.01652 | R72: 0.02269 | S72: 0.0137 | T72: 0.01386 | U72: 0.001698 | V72: 24.86 | W72: 26.58 | Y72: 1866 | Z72: 0.1193 | AA72: 0.2336 | AB72: 0.2687 | AC72: 0.1789 | AD72: 0.2551 | AE72: 0.06589 | AF72: 0
A73: 71 | B73: 8.888 | C73: 14.64 | D73: 58.79 | E73: 244 | F73: 0.09783 | G73: 0.1531 | H73: 0.08606 | J73: 0.1902 | K73: 0.0898 | L73: 0.5262 | M73: 0.8522 | N73: 3.168 | O73: 25.44 | P73: 0.01721 | R73: 0.05671 | S73: 0.01766 | T73: 0.02541 | U73: 0.02193 | V73: 9.733 | W73: 15.67 | X73: 62.56 | Y73: 284.4 | Z73: 0.1207 | AA73: 0.2436 | AB73: 0.1434 | AD73: 0.2254 | AE73: 0.1084 | AF73: 1
A74: 72 | C74: 24.52 | D74: 114.2 | E74: 929.4 | F74: 0.1071 | G74: 0.183 | H74: 0.1692 | I74: 0.07944 | J74: 0.1927 | K74: 0.06487 | L74: 0.5907 | M74: 1.041 | N74: 3.705 | P74: 0.00582 | Q74: 0.05616 | R74: 0.04252 | S74: 0.01127 | T74: 0.01527 | U74: 0.006299 | V74: 23.32 | W74: 33.82 | X74: 151.6 | Y74: 1681 | Z74: 0.1585 | AA74: 0.7394 | AB74: 0.6566 | AC74: 0.1899 | AD74: 0.3313 | AE74: 0.1339 | AF74: 0
A75: 73 | C75: 15.79 | D75: 90.43 | E75: 584.1 | F75: 0.1007 | G75: 0.128 | H75: 0.07789 | I75: 0.05069 | J75: 0.1662 | K75: 0.06566 | L75: 0.2787 | M75: 0.6205 | N75: 1.957 | O75: 23.35 | P75: 0.004717 | Q75: 0.02065 | R75: 0.01759 | S75: 0.009206 | T75: 0.0122 | V75: 16.57 | W75: 20.86 | X75: 110.3 | Y75: 812.4 | Z75: 0.1411 | AA75: 0.3542 | AB75: 0.2779 | AD75: 0.2589 | AE75: 0.103 | AF75: 0
A76: 74 | B76: 12.31 | C76: 16.52 | D76: 79.19 | E76: 470.9 | F76: 0.09172 | G76: 0.06829 | H76: 0.03372 | I76: 0.02272 | J76: 0.172 | K76: 0.05914 | L76: 0.2505 | M76: 1.025 | N76: 1.74 | O76: 19.68 | P76: 0.004854 | Q76: 0.01819 | R76: 0.01826 | S76: 0.007965 | V76: 14.11 | W76: 23.21 | X76: 89.71 | Y76: 611.1 | Z76: 0.1176 | AA76: 0.1843 | AB76: 0.1703 | AD76: 0.2618 | AE76: 0.07609 | AF76: 1
A77: 75 | B77: 16.07 | C77: 19.65 | D77: 104.1 | E77: 817.7 | F77: 0.09168 | G77: 0.08424 | I77: 0.06638 | J77: 0.1798 | K77: 0.05391 | L77: 0.7474 | M77: 1.016 | N77: 5.029 | O77: 79.25 | P77: 0.01082 | Q77: 0.02203 | R77: 0.035 | S77: 0.01809 | T77: 0.0155 | U77: 0.001948 | V77: 19.77 | W77: 24.56 | Y77: 1223 | Z77: 0.15 | AA77: 0.2045 | AB77: 0.2829 | AC77: 0.152 | AD77: 0.265 | AE77: 0.06387 | AF77: 0
A78: 76 | C78: 10.94 | D78: 87.91 | E78: 559.2 | G78: 0.1047 | H78: 0.06877 | I78: 0.06556 | J78: 0.2403 | K78: 0.06641 | L78: 0.4101 | M78: 1.014 | N78: 2.652 | O78: 32.65 | P78: 0.0134 | Q78: 0.02839 | R78: 0.01162 | S78: 0.008239 | T78: 0.02572 | U78: 0.006164 | V78: 14.08 | W78: 12.49 | X78: 91.36 | Y78: 605.5 | Z78: 0.1451 | AA78: 0.1379 | AB78: 0.08539 | AC78: 0.07407 | AD78: 0.271 | AE78: 0.07191 | AF78: 1
A79: 77 | B79: 18.05 | C79: 16.15 | D79: 120.2 | E79: 1006 | F79: 0.1065 | I79: 0.108 | K79: 0.06673 | L79: 0.9806 | M79: 0.5505 | N79: 6.311 | O79: 134.8 | P79: 0.00794 | Q79: 0.05839 | S79: 0.0207 | T79: 0.02591 | U79: 0.007054 | V79: 22.39 | W79: 18.91 | X79: 150.1 | Y79: 1610 | Z79: 0.1478 | AA79: 0.5634 | AB79: 0.3786 | AC79: 0.2102 | AD79: 0.3751 | AE79: 0.1108 | AF79: 0
A80: 78 | B80: 20.18 | C80: 23.97 | D80: 143.7 | E80: 1245 | F80: 0.1286 | G80: 0.3454 | H80: 0.3754 | I80: 0.1604 | J80: 0.2906 | K80: 0.08142 | L80: 0.9317 | M80: 1.885 | N80: 8.649 | O80: 116.4 | P80: 0.01038 | Q80: 0.06835 | R80: 0.1091 | S80: 0.02593 | T80: 0.07895 | U80: 0.005987 | V80: 23.37 | W80: 31.72 | X80: 170.3 | Y80: 1623 | Z80: 0.1639 | AA80: 0.6164 | AB80: 0.7681 | AC80: 0.2508 | AD80: 0.544 | AE80: 0.09964 | AF80: 0
A81: 79 | B81: 12.86 | C81: 18 | D81: 83.19 | E81: 506.3 | F81: 0.09934 | I81: 0.02315 | J81: 0.1718 | K81: 0.05997 | L81: 0.2655 | M81: 1.095 | N81: 1.778 | O81: 20.35 | P81: 0.005293 | Q81: 0.01661 | R81: 0.02071 | S81: 0.008179 | T81: 0.01748 | U81: 0.002848 | V81: 14.24 | W81: 24.82 | X81: 91.88 | Z81: 0.1289 | AA81: 0.2141 | AB81: 0.1731 | AD81: 0.2779 | AF81: 1
A82: 80 | B82: 11.45 | C82: 20.97 | D82: 73.81 | F82: 0.1102 | G82: 0.09362 | H82: 0.04591 | I82: 0.02233 | J82: 0.1842 | K82: 0.07005 | L82: 0.3251 | M82: 2.174 | N82: 2.077 | O82: 24.62 | Q82: 0.01706 | R82: 0.02586 | T82: 0.01816 | U82: 0.003976 | V82: 13.11 | X82: 84.53 | Y82: 525.1 | Z82: 0.1557 | AA82: 0.1676 | AB82: 0.1755 | AC82: 0.06127 | AD82: 0.2762 | AE82: 0.08851 | AF82: 1
A83: 81 | C83: 15.86 | D83: 86.49 | E83: 520 | F83: 0.1078 | G83: 0.1535 | H83: 0.1169 | I83: 0.06987 | J83: 0.1942 | M83: 1.016 | N83: 1.535 | O83: 12.96 | P83: 0.006794 | Q83: 0.03575 | R83: 0.0398 | S83: 0.01383 | T83: 0.02134 | U83: 0.004603 | V83: 15.53 | W83: 23.19 | X83: 96.66 | Y83: 614.9 | Z83: 0.1536 | AA83: 0.4791 | AB83: 0.4858 | AC83: 0.1708 | AD83: 0.3527 | AE83: 0.1016 | AF83: 1
A84: 82 | B84: 25.22 | C84: 24.91 | D84: 171.5 | E84: 1878 | F84: 0.1063 | G84: 0.2665 | H84: 0.3339 | I84: 0.1845 | J84: 0.1829 | K84: 0.06782 | L84: 0.8973 | M84: 1.474 | N84: 7.382 | P84: 0.008166 | Q84: 0.05693 | S84: 0.0203 | T84: 0.01065 | U84: 0.005893 | V84: 30 | W84: 33.62 | X84: 211.7 | Y84: 2562 | Z84: 0.1573 | AA84: 0.6076 | AC84: 0.2867 | AD84: 0.2355 | AE84: 0.1051 | AF84: 0
A85: 83 | C85: 26.29 | D85: 129.1 | E85: 1132 | F85: 0.1215 | G85: 0.1791 | H85: 0.1937 | I85: 0.1469 | J85: 0.1634 | K85: 0.07224 | L85: 0.519 | M85: 2.91 | N85: 5.801 | O85: 67.1 | P85: 0.007545 | Q85: 0.0605 | R85: 0.02134 | S85: 0.01843 | T85: 0.03056 | U85: 0.01039 | V85: 20.33 | X85: 141.3 | Y85: 1298 | Z85: 0.1392 | AA85: 0.2817 | AB85: 0.2432 | AC85: 0.1841 | AD85: 0.2311 | AE85: 0.09203 | AF85: 0
A86: 84 | B86: 12 | C86: 15.65 | D86: 76.95 | E86: 443.3 | F86: 0.09723 | G86: 0.07165 | I86: 0.01863 | J86: 0.2079 | K86: 0.05968 | L86: 0.2271 | M86: 1.255 | N86: 1.441 | O86: 16.16 | P86: 0.005969 | Q86: 0.01812 | R86: 0.02007 | S86: 0.007027 | T86: 0.01972 | V86: 13.67 | W86: 24.9 | X86: 87.78 | Y86: 567.9 | AA86: 0.2003 | AB86: 0.2267 | AD86: 0.3379 | AE86: 0.07924 | AF86: 1
A87: 85 | B87: 18.46 | C87: 18.52 | D87: 121.1 | E87: 1075 | F87: 0.09874 | G87: 0.1053 | I87: 0.08795 | J87: 0.2132 | K87: 0.06022 | L87: 0.6997 | M87: 1.475 | N87: 4.782 | O87: 80.6 | Q87: 0.01649 | R87: 0.02806 | S87: 0.0142 | T87: 0.0237 | U87: 0.003755 | V87: 22.93 | W87: 27.68 | X87: 152.2 | Y87: 1603 | Z87: 0.1398 | AA87: 0.2089 | AB87: 0.3157 | AC87: 0.1642 | AD87: 0.3695 | AE87: 0.08579 | AF87: 0
A88: 86 | B88: 14.48 | D88: 94.25 | E88: 648.2 | F88: 0.09444 | G88: 0.09947 | H88: 0.1204 | J88: 0.2075 | K88: 0.05636 | L88: 0.4204 | M88: 2.22 | N88: 3.301 | O88: 38.87 | P88: 0.009369 | Q88: 0.02983 | R88: 0.05371 | S88: 0.01761 | T88: 0.02418 | U88: 0.003249 | V88: 16.21 | W88: 29.25 | X88: 108.4 | Y88: 808.9 | Z88: 0.1306 | AA88: 0.1976 | AC88: 0.1225 | AD88: 0.302 | AE88: 0.06846 | AF88: 0
A89: 87 | B89: 19.02 | D89: 122 | E89: 1076 | F89: 0.09029 | G89: 0.1206 | H89: 0.1468 | I89: 0.08271 | J89: 0.1953 | K89: 0.05629 | L89: 0.5495 | M89: 0.6636 | N89: 3.055 | O89: 57.65 | R89: 0.0371 | S89: 0.012 | T89: 0.01964 | U89: 0.003337 | V89: 24.56 | W89: 30.41 | X89: 152.9 | Y89: 1623 | AB89: 0.5755 | AC89: 0.1956 | AE89: 0.09288 | AF89: 0
A90: 88 | B90: 12.36 | D90: 79.78 | E90: 466.1 | F90: 0.08772 | G90: 0.09445 | H90: 0.06015 | I90: 0.03745 | J90: 0.193 | K90: 0.06404 | L90: 0.2978 | M90: 1.502 | N90: 2.203 | O90: 20.95 | P90: 0.007112 | Q90: 0.02493 | R90: 0.02703 | S90: 0.01293 | T90: 0.01958 | U90: 0.004463 | V90: 13.83 | W90: 30.5 | X90: 91.46 | Y90: 574.7 | AA90: 0.2463 | AB90: 0.2434 | AD90: 0.2972 | AE90: 0.09261
A91: 89 | B91: 14.64 | C91: 15.24 | E91: 651.9 | F91: 0.1132 | G91: 0.1339 | H91: 0.09966 | I91: 0.07064 | J91: 0.2116 | K91: 0.06346 | L91: 0.5115 | M91: 0.7372 | N91: 3.814 | O91: 42.76 | P91: 0.005508 | Q91: 0.04412 | S91: 0.01623 | T91: 0.02427 | U91: 0.004841 | V91: 16.34 | W91: 18.24 | X91: 109.4 | Y91: 803.6 | Z91: 0.1277 | AA91: 0.3089 | AB91: 0.2604 | AC91: 0.1397 | AD91: 0.3151 | AE91: 0.08473 | AF91: 1
A92: 90 | C92: 24.02 | D92: 94.57 | F92: 0.08974 | G92: 0.08606 | H92: 0.03102 | I92: 0.02957 | J92: 0.1685 | K92: 0.05866 | M92: 1.111 | O92: 33.76 | P92: 0.004868 | Q92: 0.01818 | R92: 0.01121 | S92: 0.008606 | T92: 0.02085 | U92: 0.002893 | V92: 16.11 | W92: 29.11 | X92: 102.9 | Y92: 803.7 | Z92: 0.1115 | AA92: 0.1766 | AC92: 0.06946 | AD92: 0.2522 | AE92: 0.07246 | AF92: 1
A93: 91 | B93: 15.37 | C93: 22.76 | D93: 100.2 | E93: 728.2 | F93: 0.092 | G93: 0.1036 | H93: 0.1122 | I93: 0.07483 | J93: 0.1717 | K93: 0.06097 | L93: 0.3129 | N93: 2.075 | O93: 29.44 | P93: 0.009882 | Q93: 0.02444 | R93: 0.04531 | S93: 0.01763 | T93: 0.02471 | U93: 0.002142 | V93: 16.43 | W93: 25.84 | Z93: 0.1257 | AA93: 0.1997 | AB93: 0.2846 | AC93: 0.1476 | AD93: 0.2556 | AE93: 0.06828 | AF93: 0
A94: 92 | B94: 13.27 | C94: 14.76 | D94: 84.74 | E94: 551.7 | F94: 0.07355 | G94: 0.05055 | I94: 0.02648 | J94: 0.1386 | K94: 0.05318 | L94: 0.4057 | M94: 1.153 | N94: 2.701 | O94: 36.35 | P94: 0.004481 | Q94: 0.01038 | R94: 0.01358 | S94: 0.01082 | U94: 0.001435 | V94: 16.36 | W94: 22.35 | X94: 104.5 | Y94: 830.6 | Z94: 0.1006 | AB94: 0.135 | AC94: 0.1001 | AD94: 0.2027 | AE94: 0.06206 | AF94: 1
A95: 93 | B95: 13.45 | C95: 18.3 | E95: 555.1 | F95: 0.1022 | G95: 0.08165 | H95: 0.03974 | I95: 0.0278 | J95: 0.1638 | K95: 0.0571 | L95: 0.295 | M95: 1.373 | N95: 2.099 | O95: 25.22 | P95: 0.005884 | R95: 0.01872 | S95: 0.009366 | T95: 0.01884 | V95: 15.1 | W95: 25.94 | Y95: 699.4 | Z95: 0.1339 | AA95: 0.1751 | AB95: 0.1381 | AD95: 0.2678 | AE95: 0.06603 | AF95: 1
A96: 94 | B96: 15.06 | C96: 19.83 | D96: 100.3 | E96: 705.6 | F96: 0.1039 | G96: 0.1553 | H96: 0.17 | I96: 0.08815 | J96: 0.1855 | L96: 0.4768 | M96: 0.9644 | N96: 3.706 | O96: 47.14 | P96: 0.00925 | Q96: 0.03715 | R96: 0.04867 | S96: 0.01851 | T96: 0.01498 | U96: 0.00352 | V96: 18.23 | X96: 123.5 | Z96: 0.1551 | AA96: 0.4203 | AB96: 0.5203 | AC96: 0.2115 | AD96: 0.2834 | AE96: 0.08234 | AF96: 0
A97: 95 | B97: 20.26 | C97: 23.03 | D97: 132.4 | E97: 1264 | F97: 0.09078 | G97: 0.1313 | H97: 0.1465 | I97: 0.08683 | J97: 0.2095 | K97: 0.05649 | L97: 0.7576 | M97: 1.509 | N97: 4.554 | O97: 87.87 | P97: 0.006016 | Q97: 0.03482 | S97: 0.01269 | T97: 0.02657 | U97: 0.004411 | V97: 24.22 | W97: 31.59 | X97: 156.1 | Y97: 1750 | Z97: 0.119 | AA97: 0.3539 | AB97: 0.4098 | AC97: 0.1573 | AE97: 0.08368 | AF97: 0
A98: 96 | B98: 12.18 | D98: 77.79 | F98: 0.1045 | G98: 0.07057 | H98: 0.0249 | I98: 0.02941 | J98: 0.19 | K98: 0.06635 | L98: 0.3661 | M98: 1.511 | N98: 2.41 | O98: 24.44 | P98: 0.005433 | S98: 0.01519 | T98: 0.0222 | U98: 0.003408 | V98: 12.83 | W98: 20.92 | X98: 82.14 | Y98: 495.2 | Z98: 0.114 | AA98: 0.09358 | AC98: 0.05882 | AD98: 0.2227 | AE98: 0.07376 | AF98: 1
A99: 97 | B99: 9.787 | C99: 19.94 | D99: 62.11 | E99: 294.5 | F99: 0.1024 | G99: 0.05301 | H99: 0.006829 | I99: 0.007937 | J99: 0.135 | K99: 0.0689 | L99: 0.335 | M99: 2.043 | N99: 2.132 | O99: 20.05 | P99: 0.01113 | Q99: 0.01463 | R99: 0.005308 | S99: 0.00525 | V99: 10.92 | W99: 26.29 | Y99: 366.1 | Z99: 0.1316 | AA99: 0.09473 | AB99: 0.02049 | AD99: 0.1934 | AE99: 0.08988 | AF99: 1
A100: 98 | B100: 11.6 | C100: 12.84 | D100: 74.34 | E100: 412.6 | F100: 0.08983 | G100: 0.07525 | H100: 0.04196 | I100: 0.0335 | J100: 0.162 | K100: 0.06582 | L100: 0.2315 | M100: 0.5391 | N100: 1.475 | O100: 15.75 | P100: 0.006153 | Q100: 0.0133 | R100: 0.01693 | S100: 0.006884 | T100: 0.01651 | U100: 0.002551 | V100: 13.06 | W100: 17.16 | X100: 82.96 | AA100: 0.1851 | AB100: 0.1922 | AC100: 0.08449 | AD100: 0.2772 | AE100: 0.08756 | AF100: 1
...

Sheet M코드
A1: let 원본 = Excel.CurrentWorkbook(){[Name="표1"]}[Content], 컬럼목록 = Table.ColumnNames(원본), 평균값대체 = (테이블, 컬럼이름) => let 컬럼 = Table.Column(테이블, 컬럼이름), 평균 = List.Average(List.Select(컬럼, each _ <> null)), 대체된테이블 = Table.ReplaceValue(테이블, null, 평균, Replacer.ReplaceValue, {컬럼이름}) in 대체된테이블, 결과 = List.Accumulate(컬럼목록, 원본, (상태, 컬럼) => 평균값대체(상태, 컬럼)) in 결과
A2: https://chatgpt.com/share/e/67322267-e1ec-8009-9e3f-80871be1a5f5
